tree
version=v4
num_class=1
num_tree_per_iteration=1
label_index=0
max_feature_idx=94
objective=regression
feature_names=ooo_rooms available_rooms day_of_week month quarter week_of_year is_weekend retail_rate is_federal_holiday days_to_next_holiday days_from_last_holiday temp_mean_f temp_max_f temp_min_f precipitation_in had_precipitation snowfall_in had_snow windspeed_max_mph weathercode medallia_sample_size medallia_overall_satisfaction medallia_likelihood_to_recommend medallia_likelihood_to_return medallia_value_for_price medallia_hotel_cleanliness pickup_7d pickup_14d pickup_21d pickup_30d pickup_60d total_rooms_on_books avg_booked_rate occ_lag_7d occ_lag_14d occ_lag_28d occ_lag_364d occ_roll_7d occ_roll_28d rev_lag_7d rev_lag_14d rev_lag_28d rev_lag_364d rev_roll_7d rev_roll_28d adr_lag_7d adr_lag_14d adr_lag_28d adr_lag_364d adr_roll_7d adr_roll_28d is_major_event_day is_major_sports_event is_barclays_event is_msg_event is_yankees_game is_mets_game is_knicks_game is_nets_game is_rangers_game is_nba_game is_mlb_game is_nhl_game is_us_open_event is_major_concert event_count days_to_next_event mpi_lag_7d mpi_lag_28d mpi_roll_7d mpi_roll_28d ari_lag_7d ari_lag_28d ari_roll_7d ari_roll_28d rgi_lag_7d rgi_lag_28d rgi_roll_7d rgi_roll_28d adr_gap_vs_comp_lag_7d adr_gap_vs_comp_lag_28d adr_gap_vs_comp_roll_7d adr_gap_vs_comp_roll_28d comp_occ_lag_7d comp_occ_lag_28d comp_occ_roll_7d comp_occ_roll_28d comp_adr_lag_7d comp_adr_lag_28d comp_adr_roll_7d comp_adr_roll_28d comp_revpar_lag_7d comp_revpar_lag_28d comp_revpar_roll_7d comp_revpar_roll_28d
feature_infos=[0:74] [73:147] [0:6] [1:12] [1:4] [1:52] [0:1] [169:999] [0:1] [1:60] [1:60] [10.6:94.5] [16.899999999999999:106.3] [1.8999999999999999:83.700000000000003] [0:2.488] [0:1] [0:6.9450000000000003] [0:1] [3.2000000000000002:37.600000000000001] [0:75] [0:57] [4.5999999999999996:10] [4:10] [3.1000000000000001:10] [3:9.3000000000000007] [5:9.9000000000000004] [3:90] [2:90] [0:87] [0:59] [0:54] [38:254] [121.89:710.34000000000003] [0.38940000000000002:1] [0.38940000000000002:1] [0.38940000000000002:1] [0.38940000000000002:1] [0.49340000000000001:0.99219999999999997] [0.49969999999999998:0.96260000000000001] [6955.3100000000004:94041.419999999998] [6955.3100000000004:94041.419999999998] [6955.3100000000004:94041.419999999998] [6955.3100000000004:83829.520000000004] [10707.741400000001:85656.021399999998] [11554.858899999999:66130.449299999993] [115.76000000000001:648.55999999999995] [115.76000000000001:648.55999999999995] [115.76000000000001:648.55999999999995] [152.28:590.35000000000002] [160.90860000000001:603.23289999999997] [181.86580000000001:482.84890000000001] [0:1] [0:1] [0:1] [0:1] [0:1] [0:1] [0:1] [0:1] [0:1] [0:1] [0:1] [0:1] [0:1] none [0:3] [0:10] [55.670000000000002:142.63999999999999] [55.670000000000002:142.63999999999999] [63.5886:112.52] [80.221400000000003:107.2993] [62.490000000000002:128.53] [62.490000000000002:128.53] [78.6357:107.1271] [83.060000000000002:101.13930000000001] [43.329999999999998:138.16] [43.329999999999998:138.16] [53.5914:109.45140000000001] [73.726799999999997:99.678200000000004] [-226.78999999999999:238.58000000000001] [-226.78999999999999:238.58000000000001] [-69.491399999999999:34.188600000000001] [-52.879600000000003:21.48] [0.44019999999999998:0.99470000000000003] [0.44019999999999998:0.99470000000000003] [0.59550000000000003:0.9728] [0.62829999999999997:0.95789999999999997] [182.28:605.08000000000004] [182.28:602.58000000000004] [198.66139999999999:582.78999999999996] [202.0667:487.37180000000001] [80.239999999999995:593.08000000000004] [80.239999999999995:593.08000000000004] [119.67:561.40859999999998] [128.53110000000001:465.76179999999999]
tree_sizes=2311 2527 2397 2362 2393 2486 2608 2577 2302 2517 2446 2435 2362 2561 2438 2484 2472 2436 2601 2504 2570 2585 2478 2241 2618 2420 2696 2529 2553 2488 2516 2469 2669 2617 2315 2531 2538 2508 2660 2372 2398 2634 2633 2521 2413 2617 2166 2523 2310 2167 2346 2403 2274 2546 2625 2531 2199 2288 2347 2519 2561 2494 2598 2408 2603 2409 2531 2507 2577 2634 2446 2682 2382 2813 2780 2310 2294 2449 2717 2344 2269 2546 2641 2309 2273 2433 2667 2486 2312 2449 2505 2360 2539 2690 2731 2482 2306 2441 2624 2316 2474 2659 2680 2552 2417 2686 2647 2486 2581 2454 2512 2557 2572 2655 2640 2637 2905 2552 2809 2676

Tree=0
num_leaves=26
num_cat=0
split_feature=32 32 32 31 32 32 32 31 32 31 87 31 31 31 32 31 0 32 31 32 32 31 32 32 9
split_gain=5.75465e+06 758716 738918 164571 144694 96886.7 96708.5 82815.1 49490.1 26640.4 19924.7 19711.1 18626.9 18119 13532 10650.2 10190 8771.84 6883.1 6796.56 6681.88 6448.02 4566.22 1709.44 1676.37
threshold=321.00500000000005 236.68000000000004 440.81500000000005 163.50000000000003 185.06500000000003 388.37500000000006 512.6350000000001 152.50000000000003 268.62500000000006 178.50000000000003 259.67500000000001 175.50000000000003 142.50000000000003 142.50000000000003 473.59500000000008 132.50000000000003 34.500000000000007 419.69000000000005 164.50000000000003 356.92000000000002 251.47500000000002 189.50000000000003 220.39500000000001 289.12000000000006 15.500000000000002
decision_type=2 2 2 2 2 2 2 2 2 2 8 2 2 2 2 2 2 2 2 2 2 2 2 2 2
left_child=1 4 5 13 12 11 14 10 20 -7 -6 -2 16 -3 -4 -12 24 -11 -9 -13 -5 23 -20 -10 -1
right_child=2 3 6 8 7 9 -8 18 21 17 15 19 -14 -15 -16 -17 -18 -19 22 -21 -22 -23 -24 -25 -26
leaf_value=271.05290269403866 278.11265305481487 274.01618828845164 282.48555250362642 275.44192415526891 273.68091245132717 279.75065960641268 285.85690477386368 274.10045772254648 276.78354625656067 280.73664904030556 272.25487550661171 278.83158975286574 272.69802164897101 275.15407327225114 283.73281061202448 273.28875540004719 272.32550078951363 281.83460922916174 274.51218062939535 279.65542365665988 276.27146399386999 277.66566253242149 275.18910377374942 277.23811105764685 271.65741329982137
leaf_weight=16.000000000000004 19 24 18 17 27 15.999999999999998 18 17 15.000000000000002 15.000000000000002 27 17 26 27 19 14.999999999999998 15.999999999999998 14.999999999999998 19 22 18 25 18 14.999999999999998 14.999999999999998
leaf_count=16 19 24 18 17 27 16 18 17 15 15 27 17 26 27 19 15 16 15 19 22 18 25 18 15 15
internal_value=276.518 274.299 281.222 275.977 273.092 279.732 284.034 273.722 276.749 280.761 273.033 278.913 272.033 274.617 283.135 272.62 271.669 281.294 274.605 279.3 275.868 277.31 274.839 277.012 271.337
internal_weight=496 337 159 141 196 104 55 123 90 46 69 58 73 51 37 42 47 30 54 39 35 55 37 30 31
internal_count=496 337 159 141 196 104 55 123 90 46 69 58 73 51 37 42 47 30 54 39 35 55 37 30 31
is_linear=0
shrinkage=1


Tree=1
num_leaves=27
num_cat=0
split_feature=45 31 31 48 48 93 31 49 46 86 48 27 86 41 89 41 74 11 79 0 28 28 67 5 39 73
split_gain=3.67677e+06 940293 908306 286676 223690 131445 130351 86604.6 81021.6 62351 50039.8 47784.6 36082.9 31496.7 30588.6 26327.4 26150.1 23556.3 23151.4 19921 13574.7 12834.4 9322.41 8121.02 7462.68 3234.28
threshold=358.63500000000005 165.50000000000003 156.50000000000003 431.79500000000002 285.74500000000006 305.91000000000003 144.50000000000003 352.73285000000004 520.95000000000016 0.92625000000000013 237.69500000000002 17.500000000000004 0.88100000000000012 24641.565000000006 324.27140000000003 52413.67500000001 93.446100000000015 65.000000000000014 -24.854999999999997 3.5000000000000004 13.500000000000002 17.500000000000004 95.50500000000001 25.500000000000004 27551.555000000004 86.568300000000008
decision_type=10 2 2 10 8 10 2 10 10 10 8 2 10 10 10 10 8 2 10 2 2 2 8 2 8 10
left_child=1 6 -2 5 13 15 11 12 9 -7 -8 16 -6 -3 20 -4 22 -9 -13 23 -12 -15 25 -14 -18 -1
right_child=2 4 3 -5 7 8 10 17 -10 -11 14 18 19 21 -16 -17 24 -19 -20 -21 -22 -23 -24 -25 -26 -27
leaf_value=-4.292954866022761 -2.4093990757062493 -2.4036717515217689 1.8827507372576113 7.591256904821706 1.6252573981871241 5.26546197178852 -3.4264697265624999 3.0573824324563281 6.8573773112249521 3.1582464529893914 -2.4949095307918556 -3.4596299926149485 -0.083081467270455067 -1.5228716839033107 -0.36201197370738281 3.4110233067375701 -2.91878281255799 1.422153714794979 -1.8318403096352853 -0.81387545548086093 -1.2929837091262157 -0.31862802720838973 -4.7443447413748183 0.8874804266368117 -3.8124816095940419 -3.5916438420191157
leaf_weight=15.000000000000002 18 20 18 26 14.999999999999998 29 15.999999999999998 15.999999999999998 14.999999999999998 23 20 14.999999999999998 15.000000000000002 14.999999999999998 14.999999999999998 24 21 15.999999999999998 17 19 14.999999999999998 17 29 15.999999999999998 15.999999999999998 14.999999999999998
leaf_count=15 18 20 18 26 15 29 16 16 15 23 20 15 15 15 15 24 21 16 17 19 15 17 29 16 16 15
internal_value=0.0487649 -1.67631 3.91539 4.75928 0.116052 4.08058 -3.0526 0.967002 4.90628 4.33738 -1.96715 -3.6113 0.337402 -1.47067 -1.49718 2.7591 -3.94714 2.24331 -2.59912 -0.0501627 -1.98242 -0.884659 -4.3436 0.418428 -3.30991 -3.94891
internal_weight=496 343 153 135 149 109 194 97 67 52 66 128 65 52 50 42 96 32 32 50 35 32 59 31 37 30
internal_count=496 343 153 135 149 109 194 97 67 52 66 128 65 52 50 42 96 32 32 50 35 32 59 31 37 30
is_linear=0
shrinkage=0.03


Tree=2
num_leaves=26
num_cat=0
split_feature=32 32 32 32 32 32 32 27 11 28 32 36 87 32 32 67 74 22 32 80 18 26 28 32 68
split_gain=5.12743e+06 673970 665500 130090 111035 99409.7 69529.1 49595.6 30218.7 30216 24227.9 20542.6 13586.8 11777.8 9446.16 8920.44 8660.67 6906.47 6614.53 5853.66 5483.4 4903.37 4524.34 4067.43 3143.79
threshold=321.00500000000005 236.68000000000004 445.79500000000002 185.06500000000003 406.06500000000005 263.00500000000005 512.6350000000001 17.500000000000004 49.45000000000001 11.500000000000002 360.33500000000009 0.72480000000000011 259.67500000000001 165.31500000000003 212.46000000000001 97.725000000000009 97.206100000000006 6.9500000000000011 288.60500000000008 -16.489999999999998 12.450000000000001 35.500000000000007 16.500000000000004 486.30500000000001 98.460000000000022
decision_type=2 2 2 2 2 2 2 2 2 2 2 10 8 2 2 10 10 2 2 8 2 2 2 2 10
left_child=1 3 4 13 10 9 23 11 -7 -3 21 12 -5 19 -9 -6 18 -12 -10 -1 -14 -2 -11 -4 -16
right_child=2 5 6 7 15 8 -8 14 16 22 17 -13 20 -15 24 -17 -18 -19 -20 -21 -22 -23 -24 -25 -26
leaf_value=-4.2316918015603147 1.497119723625753 -2.3233663932819315 6.078932922933701 -2.6695393031503447 4.0604651820102582 -0.96992353385469043 8.8997681222001592 -2.4016282377468321 0.32962930925849343 -1.302769642366427 3.3675997130420874 -2.2058392361458647 -4.0523358386259458 -3.6986720656692054 -1.8696344151290945 5.0957451107627456 -0.10638049946274869 2.5981149468454374 1.0313043728685642 -5.0286752856688635 -3.2656305387978239 2.2665662733416694 -0.65902297916888275 6.9426412548179242 -1.2617547498630288
leaf_weight=29 15.000000000000002 20 16.000000000000004 17 15.999999999999998 14.999999999999998 18 19 22 15.999999999999998 23 18 21 29 14.999999999999998 18 14.999999999999998 22 27 14.999999999999998 15.999999999999998 15.999999999999998 26 14.999999999999998 17
leaf_count=29 15 20 16 17 16 15 18 19 22 16 23 18 21 29 15 18 15 22 27 15 16 16 26 15 17
internal_value=0.0472872 -2.04782 4.48712 -3.18551 3.18926 -0.465769 7.39444 -2.58803 0.239914 -1.36444 2.54867 -3.09577 -3.39008 -4.18976 -1.86885 4.61528 0.524029 2.99474 0.716954 -4.50882 -3.71705 1.89731 -0.905553 6.50741 -1.54922
internal_weight=496 337 159 196 110 141 49 123 79 62 76 72 54 73 51 34 64 45 49 44 37 31 42 31 32
internal_count=496 337 159 196 110 141 49 123 79 62 76 72 54 73 51 34 64 45 49 44 37 31 42 31 32
is_linear=0
shrinkage=0.03


Tree=3
num_leaves=26
num_cat=0
split_feature=32 32 32 31 32 32 32 31 32 31 31 87 31 31 32 31 0 32 31 32 31 32 32 92 37
split_gain=4.82523e+06 634231 626942 138361 122409 83201.5 80574.5 70377.1 41455.4 22470.7 17151.9 17000.4 16085.3 15033.9 11651.1 9428.9 9409.07 7845.81 5978.45 5802.98 5754.44 5649.43 3933.14 1484.55 1434.38
threshold=321.00500000000005 236.68000000000004 440.81500000000005 163.50000000000003 185.06500000000003 512.6350000000001 388.37500000000006 152.50000000000003 268.62500000000006 178.50000000000003 175.50000000000003 259.67500000000001 142.50000000000003 142.50000000000003 473.59500000000008 132.50000000000003 34.500000000000007 419.69000000000005 164.50000000000003 251.47500000000002 189.50000000000003 356.92000000000002 220.39500000000001 202.92000000000004 0.88145000000000018
decision_type=2 2 2 2 2 2 2 2 2 2 2 8 2 2 2 2 2 2 2 2 2 2 2 8 10
left_child=1 4 6 13 12 14 10 11 19 -8 -2 -6 16 -3 -4 -13 23 -11 -9 -5 24 -12 -20 -1 -10
right_child=2 3 5 8 7 -7 9 18 20 17 21 15 -14 -15 -16 -17 -18 -19 22 -21 -22 -23 -24 -25 -26
leaf_value=-4.4393344258816425 1.4873804050355446 -2.2464636914100566 5.5082415221998895 -0.94765296365508578 -2.5472502398534971 8.6335147136994674 2.9912636501989631 -2.1664351732360303 0.69482391483215367 3.8837825645877659 2.1673699843778635 -3.8700023692019982 -3.4464002677346373 -1.2098652166623944 6.6634308149683186 -2.8989658910808371 -3.7744104602849373 4.917717873202605 -1.7817065151845375 -0.17462127444321429 1.1051175662286268 2.9187459662820201 -1.1538680277901012 -5.0023577678084763 0.27850203726378786
leaf_weight=16.000000000000004 19 24 18 17 27 18 15.999999999999998 17 15.000000000000002 15.000000000000002 17 27 26 27 19 14.999999999999998 15.999999999999998 14.999999999999998 19 18 25 22 18 14.999999999999998 14.999999999999998
leaf_count=16 19 24 18 17 27 18 16 17 15 15 17 27 26 27 19 15 16 15 19 18 25 22 18 15 15
internal_value=0.0458867 -1.98654 4.3529 -0.451839 -3.09019 6.94278 2.98055 -2.51061 0.255662 3.91912 2.23341 -3.14582 -4.06433 -1.69943 6.10968 -3.5271 -4.40211 4.40812 -1.69675 -0.550953 0.769024 2.59446 -1.47828 -4.71943 0.487523
internal_weight=496 337 159 141 196 55 104 123 90 46 58 69 73 51 37 42 47 30 54 35 55 39 37 31 30
internal_count=496 337 159 141 196 55 104 123 90 46 58 69 73 51 37 42 47 30 54 35 55 39 37 31 30
is_linear=0
shrinkage=0.03


Tree=4
num_leaves=26
num_cat=0
split_feature=45 31 31 48 48 93 31 46 5 34 48 27 5 86 41 41 74 73 45 28 67 90 34 39 73
split_gain=3.05984e+06 791936 765995 243587 185164 109873 108995 66301.8 65250.8 51419.5 41551.2 40687.3 31341.9 26407.1 26148.5 22066.5 21922.6 19939.3 10683.2 10503.6 8419.98 7716.95 7522.41 6476.93 2681.92
threshold=358.63500000000005 165.50000000000003 156.50000000000003 431.79500000000002 285.74500000000006 305.91000000000003 144.50000000000003 520.95000000000016 36.500000000000007 0.92985000000000018 237.69500000000002 17.500000000000004 20.500000000000004 0.91905000000000014 24641.565000000006 52413.67500000001 93.446100000000015 94.777850000000015 209.58000000000001 17.500000000000004 95.50500000000001 317.36235000000005 0.96590000000000009 27551.555000000004 86.568300000000008
decision_type=10 2 2 10 8 10 2 10 2 10 8 2 2 10 10 10 8 10 10 2 8 10 10 8 10
left_child=1 6 -2 5 14 15 11 9 12 -7 -8 16 -6 22 -3 -4 20 -12 -13 -16 24 -19 -14 -18 -1
right_child=2 4 3 -5 8 7 10 -9 -10 -11 17 18 13 -15 19 -17 23 21 -20 -21 -22 -23 -24 -25 -26
leaf_value=-3.9158354962624577 -2.2362944006457552 -2.1780106254824974 1.7108518377433524 6.9572442556663106 1.4059326765096112 4.8377580175552772 -3.1294907814097179 6.2413918236006918 2.4641533644368327 2.9310575555020209 -0.57031500021176318 -2.8873427145502082 -0.92023187054352096 0.93421592725427582 -1.371353969965192 3.1099083095875697 -2.6656857676743893 -2.2883140621007048 -1.7743621646209413 -0.28194851489360723 -4.3555881472668014 -1.3466421772609247 -0.011287963476207447 -3.497212823885623 -3.276868310465765
leaf_weight=15.000000000000002 18 20 18 26 24 28 15.999999999999998 14.999999999999998 19 24 18 17 14.999999999999998 21 14.999999999999998 24 21 15.999999999999998 14.999999999999998 17 29 15.999999999999998 18 15.999999999999998 14.999999999999998
leaf_count=15 18 20 18 26 24 28 16 15 19 24 18 17 15 21 15 24 21 16 15 17 29 16 18 16 15
internal_value=0.0445267 -1.52918 3.57187 4.34685 0.115714 3.72127 -2.79224 4.47617 0.889921 3.96143 -1.79967 -3.30313 0.505102 0.103774 -1.32792 2.5131 -3.613 -1.37139 -2.36926 -0.793997 -3.976 -1.82036 -0.425257 -3.02954 -3.60239
internal_weight=496 343 153 135 149 109 194 67 97 52 66 128 78 54 52 42 96 50 32 32 59 32 33 37 30
internal_count=496 343 153 135 149 109 194 67 97 52 66 128 78 54 52 42 96 50 32 32 59 32 33 37 30
is_linear=0
shrinkage=0.03


Tree=5
num_leaves=27
num_cat=0
split_feature=31 45 31 42 42 47 48 5 27 12 5 42 82 40 31 31 9 40 48 26 0 31 9 77 88 35
split_gain=2.66788e+06 1.06658e+06 384152 181864 177542 130044 100595 68668.5 62423.1 53731.9 34949 26231.9 25896.4 25673.6 24360.3 24178.9 20037.9 19346.5 18221 14710.7 13775.4 11715.8 11034.3 7604.45 6307.24 4878.31
threshold=173.50000000000003 387.15000000000003 145.50000000000003 66040.37000000001 43409.150000000001 339.23500000000007 313.87000000000006 33.500000000000007 17.500000000000004 73.450000000000003 19.500000000000004 21099.240000000002 -11.372349999999999 57537.910000000011 109.00000000000001 189.50000000000003 17.500000000000004 20739.385000000006 236.62000000000003 37.500000000000007 37.500000000000007 191.50000000000003 15.500000000000002 90.465700000000012 247.48500000000004 0.88150000000000006
decision_type=2 10 2 10 8 10 8 2 2 2 2 10 10 10 2 2 2 10 8 2 2 2 2 10 10 8
left_child=2 6 8 7 11 12 15 13 14 10 -8 -4 22 -3 20 24 21 -10 -16 -9 -1 -11 -6 -13 -2 -20
right_child=1 3 4 -5 5 -7 9 19 17 16 -12 23 -14 -15 18 -17 -18 -19 25 -21 -22 -23 -24 -25 -26 -27
leaf_value=-4.4996124083584403 -1.4162350256023213 2.7676802391920257 -3.23895677940394 7.6951398960006561 -0.87710058750900288 1.7267733912544454 1.1523622649690242 5.9472735392928513 -2.7753114489974262 -0.38076341039714617 3.1438985450386649 -2.1542355502872015 -1.7418774092824836 4.1894735261047771 -3.9385347794787271 0.49084053624111945 1.4630015586492582 -1.3695065166468632 -3.0741724309353815 4.6288380348025333 -3.3485112487255999 0.70510587328956242 0.27190130468222784 -1.2721604392535524 -0.55755243493017737 -2.4485996062636635
leaf_weight=24 15.000000000000002 25 14.999999999999998 15.999999999999998 15.000000000000002 28 14.999999999999998 14.999999999999998 15.999999999999998 14.999999999999998 17 19 18 22 17 14.999999999999998 19 20 26 19 17 22 14.999999999999998 17 15.999999999999998 23
leaf_count=24 15 25 15 16 15 28 15 15 16 15 17 19 18 22 17 15 19 20 26 19 17 22 15 17 16 23
internal_value=0.00814381 2.37467 -2.01661 4.76978 -0.815356 0.103686 0.639757 4.18752 -3.08279 1.23381 2.21367 -2.1837 -0.843895 3.43698 -3.44688 -0.496762 0.672387 -1.99733 -3.08369 5.21842 -4.02702 0.264928 -0.303053 -1.74008 -0.974704 -2.78336
internal_weight=501 231 270 97 127 76 134 81 143 88 32 51 48 47 107 46 56 36 66 34 41 37 30 36 31 49
internal_count=501 231 270 97 127 76 134 81 143 88 32 51 48 47 107 46 56 36 66 34 41 37 30 36 31 49
is_linear=0
shrinkage=0.03


Tree=6
num_leaves=28
num_cat=0
split_feature=32 32 32 31 32 32 32 32 31 3 31 31 69 40 25 32 32 32 26 69 31 87 12 18 29 92 31
split_gain=3.67604e+06 588607 465307 138254 91070.7 60463.3 57807.1 48556.1 28345.7 24346.5 22409.6 21336.5 19850.7 16345.3 10243.2 7890.98 6677.7 6473.77 6223.17 5529.67 4901.43 4830.92 4824.15 3454.99 2428.98 2286.4 2114.08
threshold=321.00500000000005 223.02000000000001 443.36500000000007 164.50000000000003 388.37500000000006 267.77500000000003 506.9550000000001 185.06500000000003 134.50000000000003 3.5000000000000004 143.50000000000003 178.50000000000003 88.489250000000013 23447.725000000002 8.7500000000000018 419.69000000000005 164.46000000000004 288.60500000000008 37.500000000000007 96.432850000000016 165.50000000000003 295.50000000000006 70.65000000000002 11.65 11.500000000000002 238.68500000000003 187.50000000000003
decision_type=2 2 2 2 2 2 2 2 2 2 2 2 10 8 2 2 2 2 2 10 2 10 2 2 2 10 2
left_child=1 7 4 9 12 18 19 14 13 -3 -11 -6 -2 -9 16 -13 -1 26 23 -4 25 -12 -14 -5 -19 -10 -7
right_child=2 3 6 5 11 17 -8 8 20 10 21 15 22 -15 -16 -17 -18 24 -20 -21 -22 -23 -24 -25 -26 -27 -28
leaf_value=-3.7952440381187391 1.0565265078633743 -0.5217824987240407 5.1567311750139488 -0.65989594293102993 2.7119738034473304 0.13322603314836445 7.9563626473765829 -2.5668367817245907 -2.1346221493842297 -2.4933268941787468 -1.6818595051988259 3.6316000701067153 1.8862452876010787 -3.9069798485922345 -4.3076773950465821 4.545949891320225 -3.075605494333598 0.70046188417859245 -0.27187783526660791 6.0916794847253941 -1.7320098304189193 -0.92590881968653471 2.5730712516008021 -1.2800890663375095 1.2294929367915626 -2.6474476951527817 0.62922242605012912
leaf_weight=26 15.999999999999998 14.999999999999998 15.000000000000002 18 14.999999999999998 16.000000000000004 14.999999999999998 15.999999999999998 20 28 16.000000000000004 20 15.999999999999998 18 18 18 25 14.999999999999998 20 14.999999999999998 17 14.999999999999998 25 14.999999999999998 17 15.999999999999998 14.999999999999998
leaf_count=26 16 15 15 18 15 16 15 16 20 28 16 20 16 18 18 18 25 15 20 15 17 15 25 15 17 16 15
internal_value=0.0079024 -1.71204 3.84659 -0.590566 2.79307 0.0558834 6.41587 -3.07731 -2.60248 -1.60329 -1.87755 3.68871 1.95775 -3.28106 -3.67367 4.07016 -3.44587 0.68386 -0.690492 5.63361 -2.16446 -1.31821 2.3077 -0.943357 0.983036 -2.36594 0.373899
internal_weight=501 346 155 190 110 116 45 156 87 74 59 53 57 34 69 38 51 63 53 30 53 31 41 33 32 36 31
internal_count=501 346 155 190 110 116 45 156 87 74 59 53 57 34 69 38 51 63 53 30 53 31 41 33 32 36 31
is_linear=0
shrinkage=0.03


Tree=7
num_leaves=28
num_cat=0
split_feature=32 32 32 31 32 32 32 32 31 3 31 31 31 40 25 32 32 32 26 31 32 70 45 18 29 14 31
split_gain=3.45939e+06 553909 437911 130103 85704.8 56901.1 54401.2 45687.7 26675.2 22910.2 21085.2 20076.7 18822 15381 9641.19 7426.07 6283.32 6092.2 5856.56 4612.26 4127.23 3448.65 3363.15 3251.5 2285.67 2244.28 1989.52
threshold=321.00500000000005 223.02000000000001 443.36500000000007 164.50000000000003 388.37500000000006 267.77500000000003 506.9550000000001 185.06500000000003 134.50000000000003 3.5000000000000004 143.50000000000003 178.50000000000003 180.50000000000003 23447.725000000002 8.7500000000000018 419.69000000000005 164.46000000000004 288.60500000000008 37.500000000000007 165.50000000000003 360.33500000000009 92.97035000000001 269.91500000000002 11.65 11.500000000000002 1.0000000180025095e-35 187.50000000000003
decision_type=2 2 2 2 2 2 2 2 2 2 2 2 2 8 2 2 2 2 2 2 2 10 10 2 2 2 2
left_child=1 7 4 9 12 18 21 14 13 -3 -11 -6 -2 -9 16 -13 -1 26 23 25 -14 -4 -12 -5 -19 -10 -7
right_child=2 3 6 5 11 17 -8 8 19 10 22 15 20 -15 -16 -17 -18 24 -20 -21 -22 -23 -24 -25 -26 -27 -28
leaf_value=-3.6816052521396276 1.2554812648960558 -0.50618102453871805 5.0646424921485647 -0.64015391551886891 2.6308849306835289 0.12924170217781422 7.7184647833231663 -2.4900715537383178 -2.0400940964294603 -2.4186604211164666 -1.6033675409868307 3.5229237323865621 2.0027066760196863 -3.7900951573591146 -4.1788050525274292 4.4099492047169857 -2.9835214891262396 0.6795178360162778 -0.26374183300427367 -1.6802019167365916 2.6983473845451109 5.8474368032664543 -0.97035139511678814 -1.2418139857548811 1.1927163309225937 -2.5437929198880607 0.61040847030588941
leaf_weight=26 24 14.999999999999998 15.000000000000002 18 14.999999999999998 16.000000000000004 14.999999999999998 15.999999999999998 18 28 15.000000000000002 20 15.999999999999998 18 18 18 25 14.999999999999998 20 17 17 14.999999999999998 15.999999999999998 14.999999999999998 17 18 14.999999999999998
leaf_count=26 24 15 15 18 15 16 15 16 18 28 15 20 16 18 18 18 25 15 20 17 17 15 16 15 17 18 15
internal_value=0.00768392 -1.66081 3.73154 -0.57289 2.70951 0.0542131 6.22403 -2.98523 -2.52463 -1.55531 -1.82136 3.57836 1.89917 -3.18292 -3.5637 3.94838 -3.34269 0.663411 -0.669842 -2.09971 2.36465 5.46517 -1.27879 -0.915146 0.953637 -2.29516 0.362721
internal_weight=501 346 155 190 110 116 45 156 87 74 59 53 57 34 69 38 51 63 53 53 33 30 31 33 32 36 31
internal_count=501 346 155 190 110 116 45 156 87 74 59 53 57 34 69 38 51 63 53 53 33 30 31 33 32 36 31
is_linear=0
shrinkage=0.03


Tree=8
num_leaves=25
num_cat=0
split_feature=32 32 32 32 32 32 32 26 70 39 69 32 69 73 25 12 10 32 69 32 67 12 32 32
split_gain=3.25553e+06 521256 412425 109338 87897 44431.2 42988.8 34750.9 26890 19182.2 18336.3 13472.6 11689.4 10749.8 9074.58 7337.44 6588.86 5912.22 5408.78 4881.56 4575.52 4321.12 2848.63 2747.64
threshold=321.00500000000005 223.02000000000001 445.79500000000002 267.77500000000003 388.37500000000006 506.9550000000001 185.06500000000003 31.500000000000004 90.131950000000018 35952.135000000009 88.489250000000013 406.06500000000005 92.188600000000022 97.165000000000006 8.7500000000000018 75.350000000000009 28.500000000000004 164.46000000000004 91.367150000000024 255.64000000000001 97.725000000000009 70.65000000000002 284.98500000000007 212.46000000000001
decision_type=2 2 2 2 2 2 2 2 10 8 10 2 10 10 2 2 10 2 10 2 10 2 2 2
left_child=1 6 4 7 10 -4 14 13 -5 12 -2 -6 16 18 17 -10 -8 -1 -3 -9 -13 -12 -17 -14
right_child=2 3 5 8 11 -7 9 19 15 -11 21 20 23 -15 -16 22 -18 -19 -20 -21 -22 -23 -24 -25
leaf_value=-3.5713690296839382 0.97640171209228377 -1.774714349051502 5.4060832764348783 -0.82096783326050937 2.9004984484602323 7.4876801104878261 -3.0692074826595719 -0.81134334880400472 0.14653417130430299 -3.392696222323123 1.7798133728882977 3.4733475430212284 -2.0924281103432585 -2.1765653275470345 -4.0537881452819304 0.4893365048025255 -2.1970574694481964 -2.8941945095404886 -1.056718104733251 -0.18782095920382522 4.2220777784933254 2.4297777909147524 1.0088786446775568 -1.5579943277234229
leaf_weight=26 15.999999999999998 15.999999999999998 27 15.999999999999998 21 14.999999999999998 17 28 25 15.999999999999998 15.999999999999998 15.999999999999998 22 22 18 15.999999999999998 15.999999999999998 25 24 19 19 25 24 15.999999999999998
leaf_count=26 16 16 27 16 21 15 17 28 25 16 16 16 22 22 18 16 16 25 24 19 19 25 24 16
internal_value=0.00747329 -1.61111 3.61994 -0.555744 2.67443 6.15757 -2.8959 -1.17592 0.279001 -2.44911 1.84235 3.51893 -2.23422 -1.64214 -3.45703 0.550209 -2.65036 -3.24261 -1.34581 -0.55978 3.88529 2.17865 0.80197 -1.86979
internal_weight=501 346 155 190 113 42 156 109 81 87 57 56 71 62 69 65 33 51 40 47 35 41 40 38
internal_count=501 346 155 190 113 42 156 109 81 87 57 56 71 62 69 65 33 51 40 47 35 41 40 38
is_linear=0
shrinkage=0.03


Tree=9
num_leaves=27
num_cat=0
split_feature=32 32 32 31 32 32 32 31 39 3 32 31 31 31 32 32 27 32 32 69 87 32 27 29 31 31
split_gain=3.06361e+06 490527 388241 117063 75798 50501.3 48100.7 42028.1 22163 20739 19467.1 19250.1 18453.8 17327.3 11260.2 6684.18 6013.07 5649.09 5267.56 5239.67 4075.01 3737.81 3491.87 2064.3 1857.39 1803.84
threshold=321.00500000000005 223.02000000000001 443.36500000000007 164.50000000000003 388.37500000000006 267.77500000000003 506.9550000000001 137.50000000000003 27551.555000000004 3.5000000000000004 171.79500000000004 143.50000000000003 178.50000000000003 180.50000000000003 179.45000000000002 422.04000000000002 11.500000000000002 288.60500000000008 246.30500000000004 96.432850000000016 295.50000000000006 360.33500000000009 17.500000000000004 11.500000000000002 187.50000000000003 154.50000000000003
decision_type=2 2 2 2 2 2 2 2 8 2 2 2 2 2 2 2 2 2 2 10 10 2 2 2 2 2
left_child=1 7 4 9 13 18 19 8 14 -3 -9 -11 -6 -2 -1 -14 -16 24 -5 -4 -13 -15 25 -19 -7 -12
right_child=2 3 6 5 12 17 -8 10 -10 11 22 20 15 21 16 -17 -18 23 -20 -21 -22 -23 -24 -25 -26 -27
leaf_value=-3.4383783767319454 1.1697688994376985 -0.47285579643376241 4.6878757372884632 -0.94267382159204538 2.4586433572864217 0.11456672401071705 7.263795958864331 -3.1492525949240391 -4.0761137333867854 -2.2948141854842077 -2.4203233806578406 -1.5397370386569296 3.3767343622898585 1.8895169466678226 -3.0387157260223083 4.2357238982444576 -2.2014384756326013 0.64857161645477379 -0.34276602919726445 5.5847067960314574 -0.84547288843959656 2.5512128844498889 -1.7023216418830716 1.136336155217414 0.57943302720092049 -1.950876252361547
leaf_weight=26 24 14.999999999999998 15.000000000000002 25 14.999999999999998 16.000000000000004 14.999999999999998 18 23 28 18 16.000000000000004 23 15.999999999999998 14.999999999999998 14.999999999999998 18 14.999999999999998 28 14.999999999999998 14.999999999999998 17 22 17 14.999999999999998 15.999999999999998
leaf_count=26 24 15 15 25 15 16 15 18 23 28 18 16 23 16 15 15 18 15 28 15 15 17 22 17 15 16
internal_value=0.00725071 -1.5629 3.51162 -0.539113 2.54929 0.0557323 5.8585 -2.80924 -3.27846 -1.471 -2.28742 -1.72413 3.36639 1.78722 -2.96429 3.72097 -2.58609 0.629648 -0.626391 5.14489 -1.20575 2.23378 -2.00781 0.909112 0.340121 -2.20264
internal_weight=501 346 155 190 110 116 45 156 82 74 74 59 53 57 59 38 33 63 53 30 31 33 56 32 31 34
internal_count=501 346 155 190 110 116 45 156 82 74 74 59 53 57 59 38 33 63 53 30 31 33 56 32 31 34
is_linear=0
shrinkage=0.03


Tree=10
num_leaves=27
num_cat=0
split_feature=32 32 32 31 31 32 32 32 32 32 86 0 27 31 0 31 35 32 29 32 47 10 68 24 0 32
split_gain=3.12315e+06 506403 455139 107292 82287.6 53867.4 51064.3 30539.9 27680.2 24138.6 18657.1 13307.7 12037 10189.7 8950.02 7497.9 6904.4 5796.62 4865.88 4791.62 4135.86 3674.57 2985.45 2329.86 1918.75 1121.59
threshold=321.00500000000005 241.64000000000001 443.36500000000007 143.50000000000003 161.50000000000003 388.37500000000006 517.97500000000014 197.07000000000002 184.10500000000005 275.60500000000008 0.88045000000000007 41.000000000000007 18.500000000000004 156.50000000000003 4.5000000000000009 178.50000000000003 0.71430000000000016 477.83000000000004 15.500000000000002 362.14000000000004 220.55000000000004 20.500000000000004 99.655000000000015 7.2500000000000009 3.5000000000000004 293.48000000000008
decision_type=2 2 2 2 2 2 2 2 2 2 10 2 2 2 2 2 10 2 2 2 8 10 10 2 2 2
left_child=1 3 5 8 14 10 17 -5 11 24 -2 20 16 -9 -3 -7 -10 -4 22 -12 -1 25 -15 -18 -6 -11
right_child=2 4 6 7 9 15 -8 13 12 21 19 -13 -14 18 -16 -17 23 -19 -20 -21 -22 -23 -24 -25 -26 -27
leaf_value=-3.6063098715308892 0.97744183605067292 -1.6222031297489088 4.6598369367732557 -2.6132672470011169 -0.031381619921021182 2.6221000808259576 7.2097068236230752 -2.0665102494258298 -3.4063817992448104 0.78353425525483633 1.7221934758836979 -2.8926792120164437 -1.9193401625623734 -1.6464435848807046 -0.77287862610144631 3.4833173407080333 -2.353311626398674 5.543299353892408 -0.81411559342638828 2.4040190727553679 -4.3056446520673912 0.38741299139004998 -1.0925677464887549 -2.914936406335165 -0.4827151415726848 1.1148304254638135
leaf_weight=20 18 22 14.999999999999998 28 18 14.999999999999998 17 18 17 22 15.999999999999998 17 14.999999999999998 23 23 28 16.000000000000004 19 17 25 17 15.999999999999998 14.999999999999998 14.999999999999998 15.999999999999998 17
leaf_count=20 18 22 15 28 18 15 17 18 17 22 16 17 15 23 23 28 16 19 17 25 17 16 15 15 16 17
internal_value=-0.0407715 -1.59618 3.53702 -2.48813 -0.14469 2.37805 5.85032 -1.77024 -3.10681 0.383928 1.78675 -3.60853 -2.67422 -1.4453 -1.18948 3.18632 -2.90785 5.161 -1.24028 2.1404 -3.93304 0.77213 -1.42957 -2.62937 -0.244215 0.929226
internal_weight=505 352 153 218 134 102 51 101 117 89 59 54 63 73 45 43 48 34 55 41 37 55 38 31 34 39
internal_count=505 352 153 218 134 102 51 101 117 89 59 54 63 73 45 43 48 34 55 41 37 55 38 31 34 39
is_linear=0
shrinkage=0.03


Tree=11
num_leaves=27
num_cat=0
split_feature=32 32 32 31 31 32 32 32 32 32 69 0 27 31 0 31 35 32 29 46 47 69 68 24 93 28
split_gain=2.93906e+06 476558 428328 100975 77435.7 50689.8 48054.7 28736 26046.7 22716.1 18133.7 12522.5 11327.3 9589.08 8422.19 7053.02 6496.79 5452.84 4578.76 4431.7 3892.43 3477.39 2808.83 2192.5 1831.87 1677.36
threshold=321.00500000000005 241.64000000000001 443.36500000000007 143.50000000000003 161.50000000000003 388.37500000000006 517.97500000000014 197.07000000000002 184.10500000000005 275.60500000000008 90.607850000000013 41.000000000000007 18.500000000000004 156.50000000000003 4.5000000000000009 178.50000000000003 0.71430000000000016 477.83000000000004 15.500000000000002 390.62500000000006 220.55000000000004 97.877850000000009 99.655000000000015 7.2500000000000009 292.26930000000004 20.500000000000004
decision_type=2 2 2 2 2 2 2 2 2 2 10 2 2 2 2 2 10 2 2 10 8 10 10 2 10 2
left_child=1 3 5 8 14 10 17 -5 11 24 -2 20 16 -9 -3 -7 -10 -4 22 -12 -1 -11 -15 -18 -6 -23
right_child=2 4 6 7 9 15 -8 13 12 21 19 -13 -14 18 -16 -17 23 -19 -20 -21 -22 25 -24 -25 -26 -27
leaf_value=-3.4983903621378678 0.90261183196148909 -1.5736473910013833 4.5205062521494099 -2.5350089651505572 -0.46995002568325145 2.5436984100848732 6.9940499546800536 -2.0046866660501155 -3.3044899823588705 0.45513688197752245 1.7640186364310129 -2.8061533134214338 -1.86195127392132 -1.5971573966599337 -0.74974255752149743 3.379004040070396 -2.2829322158956078 5.3774369175227603 -0.78976375747635919 2.3970613558571832 -4.1768541048558916 0.71892226067658893 -1.0598996093344453 -2.8277788495542202 -0.028956738522178244 1.1528822463139061
leaf_weight=20 17 22 14.999999999999998 28 15.999999999999998 14.999999999999998 17 18 17 22 22 17 14.999999999999998 23 23 28 16.000000000000004 19 17 20 17 15.999999999999998 14.999999999999998 14.999999999999998 18 17
leaf_count=20 17 22 15 28 16 15 17 18 17 22 22 17 15 23 23 28 16 19 17 20 17 16 15 15 18 17
internal_value=-0.0395536 -1.54842 3.43119 -2.41369 -0.140356 2.30688 5.67533 -1.71726 -3.01388 0.37244 1.73328 -3.50057 -2.59425 -1.40206 -1.15387 3.09095 -2.82089 5.00662 -1.20317 2.068 -3.81537 0.74903 -1.38679 -2.55075 -0.236912 0.943929
internal_weight=505 352 153 218 134 102 51 101 117 89 59 54 63 73 45 43 48 34 55 42 37 55 38 31 34 33
internal_count=505 352 153 218 134 102 51 101 117 89 59 54 63 73 45 43 48 34 55 42 37 55 38 31 34 33
is_linear=0
shrinkage=0.03


Tree=12
num_leaves=26
num_cat=0
split_feature=32 32 32 32 32 32 32 28 70 69 46 26 25 32 69 79 32 32 34 46 32 34 69 79 32
split_gain=2.76582e+06 448472 403096 94541.8 47699.4 47014.6 45222.5 31477.2 25507.8 17063.9 11905.7 10307.3 10211.2 9830.77 7885.94 7298.19 5895.02 5129.43 4473.93 4170.4 3240.43 3279.27 3130.77 2604.52 2042.81
threshold=321.00500000000005 241.64000000000001 443.36500000000007 185.06500000000003 388.37500000000006 267.77500000000003 517.97500000000014 12.500000000000002 89.396950000000018 90.607850000000013 313.41000000000003 32.500000000000007 8.9500000000000011 213.23500000000004 92.946050000000014 3.2000000000000006 415.2050000000001 477.83000000000004 0.84645000000000004 390.62500000000006 162.53500000000005 0.84085000000000021 97.877850000000009 -30.494999999999994 292.06000000000006
decision_type=2 2 2 2 2 2 2 2 10 10 8 2 2 2 10 10 2 2 10 10 2 8 10 10 2
left_child=1 3 4 12 9 11 17 10 -7 -2 14 -3 20 -9 23 22 -6 -4 -15 -11 -1 -22 -10 -5 -24
right_child=2 5 6 7 16 8 -8 13 15 19 -12 -13 -14 18 -16 -17 -18 -19 -20 -21 21 -23 24 -25 -26
leaf_value=-3.2735242498877208 0.87561287941471211 -1.2474366769244183 4.3853416123501079 -2.6893396558793281 2.669454019272897 -0.80511302083037606 6.7848437947471814 -1.8510166423014167 0.42108627935094156 1.7112180777309702 -2.9534268645038755 -0.40116527174761191 -3.9208959748024164 -1.480356803252318 -1.6680212365795752 -0.021200939888177912 3.4057915202463698 5.2165371319628129 -0.82291705390119241 2.3253287953212669 -2.4901002932014351 -3.1375125705047302 0.67363693663801261 -2.1296167797178733 1.1507867745372737
leaf_weight=28 17 27 14.999999999999998 14.999999999999998 24 14.999999999999998 17 26 19 22 19 25 14.999999999999998 15.999999999999998 25 14.999999999999998 19 19 23 20 17 14.999999999999998 17 19 15.999999999999998
leaf_count=28 17 27 15 15 24 15 17 26 19 22 19 25 15 16 25 15 19 19 23 20 17 15 17 19 16
internal_value=-0.0383714 -1.5021 3.32853 -2.34148 2.23784 -0.136151 5.50556 -1.88778 0.31129 1.68141 -2.29462 -0.84138 -3.20469 -1.39815 -2.08011 0.561667 2.99843 4.85686 -1.09422 2.0061 -3.0225 -2.79804 0.729689 -2.38018 0.906419
internal_weight=505 352 153 218 102 134 51 143 82 59 78 52 75 65 59 67 43 34 39 42 60 32 52 34 33
internal_count=505 352 153 218 102 134 51 143 82 59 78 52 75 65 59 67 43 34 39 42 60 32 52 34 33
is_linear=0
shrinkage=0.03


Tree=13
num_leaves=28
num_cat=0
split_feature=32 32 32 31 31 32 32 32 32 32 31 0 27 31 0 31 35 32 29 47 10 32 40 68 24 0 32
split_gain=2.60279e+06 422039 379349 90872.2 69960.7 44886.2 42557.2 25599.5 22794.6 20286 16700.8 11469.4 10155.2 9239.87 7852.82 6597.23 5882.92 4825.19 3601.89 3554.89 3246.89 3041 2416.06 2133.89 2041.9 1706.15 1001.82
threshold=321.00500000000005 241.64000000000001 443.36500000000007 143.50000000000003 161.50000000000003 388.37500000000006 517.97500000000014 199.44500000000002 184.10500000000005 275.60500000000008 179.50000000000003 41.000000000000007 18.500000000000004 156.50000000000003 4.5000000000000009 178.50000000000003 0.71430000000000016 477.83000000000004 15.500000000000002 220.55000000000004 20.500000000000004 177.06500000000003 52413.67500000001 99.655000000000015 7.2500000000000009 3.5000000000000004 293.48000000000008
decision_type=2 2 2 2 2 2 2 2 2 2 2 2 2 2 2 2 10 2 2 8 10 2 10 10 2 2 2
left_child=1 3 5 8 14 10 17 21 11 25 -2 19 16 -9 -3 -7 -10 -4 23 -1 26 -5 -12 -15 -18 -6 -11
right_child=2 4 6 7 9 15 -8 13 12 20 22 -13 -14 18 -16 -17 24 -19 -20 -21 -22 -23 -24 -25 -26 -27 -28
leaf_value=-3.2950234056886587 1.0180952950872155 -1.5007271208081927 4.2542183870334549 -2.6588722213795806 -0.019820894481732902 2.3804844989966711 6.5818952239363764 -1.8870619129804362 -3.1227153574476492 0.7213274199297639 1.7451794624962282 -2.6321474145794195 -1.7548376695499863 -1.4650814679795943 -0.70527106225102687 3.1868484284916021 -2.1482438973400075 5.0604517827071538 -0.7332801201336544 -3.9419470653366129 0.3496580626585773 -2.0255046639173133 2.2724735581547839 -0.98714953394031191 -2.6723940963998585 -0.44538678846626634 1.0341710267388577
leaf_weight=20 24 22 14.999999999999998 15.000000000000002 18 14.999999999999998 17 18 17 22 14.999999999999998 17 14.999999999999998 21 23 28 16.000000000000004 19 17 17 15.999999999999998 14.999999999999998 20 14.999999999999998 14.999999999999998 15.999999999999998 17
leaf_count=20 24 22 15 15 18 15 17 18 17 22 15 17 15 21 23 28 16 19 17 17 16 15 20 15 15 16 17
internal_value=-0.0372184 -1.45715 3.22895 -2.27142 -0.132069 2.17086 5.34088 -1.61077 -2.84079 0.355347 1.6311 -3.29614 -2.44815 -1.29859 -1.09543 2.90869 -2.66273 4.71157 -1.09712 -3.59722 0.711224 -2.34614 2.04935 -1.26763 -2.40581 -0.220491 0.858883
internal_weight=505 352 153 218 134 102 51 101 117 89 59 54 63 71 45 43 48 34 53 37 55 30 35 36 31 34 39
internal_count=505 352 153 218 134 102 51 101 117 89 59 54 63 71 45 43 48 34 53 37 55 30 35 36 31 34 39
is_linear=0
shrinkage=0.03


Tree=14
num_leaves=27
num_cat=0
split_feature=32 32 32 31 31 32 32 32 32 32 86 1 40 31 1 31 32 32 32 29 72 10 32 86 93 32
split_gain=2.44939e+06 397172 357002 85516.6 65835.6 42237.7 40048.9 24092.4 21449.4 19090.5 16060.2 10792.7 9800.2 8695.15 7389.69 6205.85 4551.09 4538.98 4102.78 3389.42 3183.3 3055.38 2861.64 1939.55 1628.17 942.792
threshold=321.00500000000005 241.64000000000001 443.36500000000007 143.50000000000003 161.50000000000003 388.37500000000006 517.97500000000014 199.44500000000002 184.10500000000005 275.60500000000008 0.88045000000000007 108.00000000000001 23447.725000000002 156.50000000000003 142.50000000000003 178.50000000000003 213.23500000000004 477.83000000000004 362.14000000000004 15.500000000000002 88.285000000000011 20.500000000000004 177.06500000000003 0.91385000000000016 292.26930000000004 293.48000000000008
decision_type=2 2 2 2 2 2 2 2 2 2 10 2 8 2 2 2 2 2 2 2 8 10 2 10 10 2
left_child=1 3 5 8 14 10 17 22 11 24 -2 -1 -10 -9 -3 -7 -14 -4 -12 23 -13 25 -5 -15 -6 -11
right_child=2 4 6 7 9 15 -8 13 12 21 18 20 16 19 -16 -17 -18 -19 -20 -21 -22 -23 -24 -25 -26 -27
leaf_value=-2.5534145666217523 0.83179053050329144 -0.68415882071807432 4.1270158847542691 -2.5793710813807484 -0.43359385029177794 2.3093072438794513 6.3850175256813015 -1.8306068703606517 -1.8722060965250475 0.69973666483042185 1.5240969616898865 -3.1700568506129891 -3.026427329531006 -1.037854285070279 -1.4558073833037395 3.0914133604325071 -2.3562625692977384 4.9090367042361276 2.1539248885651547 -0.71134622696907279 -3.7831225225493657 0.33920099614936605 -1.9649413895210952 -1.4938547455036757 -0.01787008352061718 1.0032368747230149
leaf_weight=17 18 23 14.999999999999998 15.000000000000002 15.999999999999998 14.999999999999998 17 18 23 22 15.999999999999998 18 18 21 22 28 22 19 25 17 19 15.999999999999998 14.999999999999998 14.999999999999998 18 17
leaf_count=17 18 23 15 15 16 15 17 18 23 22 16 18 18 21 22 28 22 19 25 17 19 16 15 15 18 17
internal_value=-0.0361123 -1.41356 3.13234 -2.20348 -0.128113 2.1059 5.18112 -1.56259 -2.75582 0.344714 1.58229 -3.19753 -2.37494 -1.25974 -1.06264 2.82162 -2.66128 4.57064 1.91033 -1.06429 -3.4896 0.689947 -2.27599 -1.2297 -0.213898 0.833185
internal_weight=505 352 153 218 134 102 51 101 117 89 59 54 63 71 45 43 40 34 41 53 37 55 30 36 34 39
internal_count=505 352 153 218 134 102 51 101 117 89 59 54 63 71 45 43 40 34 41 53 37 55 30 36 34 39
is_linear=0
shrinkage=0.03


Tree=15
num_leaves=27
num_cat=0
split_feature=32 32 32 32 31 31 32 32 32 32 82 31 32 31 31 90 48 90 40 32 83 13 80 32 28 38
split_gain=2.34507e+06 359409 297565 69443.8 66537.8 64854.4 27700.5 18590.6 17104.2 16604.6 14105.4 13986.9 12420.3 11724.2 9072.65 10839 6655.67 6057.56 4946.96 3929.73 3504.25 2364.57 1994.36 1856.95 1834.15 1829.53
threshold=321.00500000000005 236.68000000000004 427.92500000000007 512.6350000000001 175.50000000000003 154.50000000000003 367.50500000000005 164.46000000000004 278.95500000000004 213.23500000000004 -11.735749999999998 174.50000000000003 473.59500000000008 182.50000000000003 101.50000000000001 353.49465000000004 253.80000000000004 344.05395000000004 14062.285000000002 400.28500000000008 0.80745000000000011 50.350000000000001 -28.894999999999996 258.59000000000009 12.500000000000002 0.9164000000000001
decision_type=2 2 2 2 2 2 2 2 2 2 10 2 2 2 2 10 8 10 8 2 10 2 10 2 2 10
left_child=1 5 6 12 10 7 13 18 23 20 17 -8 21 -2 -9 16 -16 -3 -1 -13 -7 -4 -11 -6 -18 -10
right_child=2 4 3 -5 8 9 11 14 25 22 -12 19 -14 -15 15 -17 24 -19 -20 -21 -22 -23 -24 -25 -26 -27
leaf_value=-2.7803474269403474 0.65711686713673234 -0.27925669248461105 3.9849263603742733 6.2967261825989329 -0.33937131125269526 -2.2203875838092162 1.6891299138106699 -2.9979822690335007 1.0834585763701945 -0.72030778143493035 -1.4082117304035122 2.3921452686595122 4.6758418421864176 1.7620350622943068 -2.5556794084821428 -2.8553830172320986 -1.9685434105886987 -0.99266371965277223 -3.5272594849546053 3.070817493189161 -1.5928924688891828 3.4067506132351126 -1.1945562376408034 0.13192865213286442 -1.5253867542862496 0.66482807302150593
leaf_weight=15.999999999999998 15.999999999999998 29 14.999999999999998 15.999999999999998 15.000000000000002 18 19 18 17 14.999999999999998 27 18 18 19 14.999999999999998 19 24 17 20 15.999999999999998 15.999999999999998 19 18 14.999999999999998 14.999999999999998 22
leaf_count=16 16 29 15 16 15 18 19 18 17 15 27 18 18 19 15 19 24 17 20 16 16 19 18 15 15 22
internal_value=0.031094 -1.38015 3.07018 4.56044 -0.233151 -2.21943 1.91666 -2.61808 0.43464 -1.46235 -0.864236 2.34959 4.02063 1.25863 -2.38636 -2.23358 -2.01233 -0.543731 -3.19966 2.7156 -1.92791 3.66735 -0.98045 -0.103844 -1.80031 0.8485
internal_weight=492 336 156 68 142 194 88 127 69 67 73 53 52 35 91 73 54 46 36 34 34 34 33 30 39 39
internal_count=492 336 156 68 142 194 88 127 69 67 73 53 52 35 91 73 54 46 36 34 34 34 33 30 39 39
is_linear=0
shrinkage=0.03


Tree=16
num_leaves=27
num_cat=0
split_feature=32 32 32 31 32 31 32 32 31 90 31 32 39 32 32 31 31 32 32 69 32 32 11 13 38 25
split_gain=2.20687e+06 338462 280031 77434.3 65353.4 44275.1 26175 24708.7 15614.6 15500.1 21263.2 14884.2 14192 11687.3 8177.07 6429.28 6342.5 6100.83 6053.13 5116.47 3071.4 2425.53 2279.24 2225.69 1672.53 1012.65
threshold=321.00500000000005 227.89000000000001 427.92500000000007 173.50000000000003 512.6350000000001 134.50000000000003 362.14000000000004 278.95500000000004 178.50000000000003 266.27730000000008 140.50000000000003 171.79500000000004 32078.075000000004 473.59500000000008 162.53500000000005 183.50000000000003 164.50000000000003 254.02500000000001 266.11500000000007 99.397100000000009 400.28500000000008 213.23500000000004 46.45000000000001 50.350000000000001 0.9164000000000001 8.3500000000000032
decision_type=2 2 2 2 2 2 2 2 2 10 2 2 8 2 2 2 2 2 2 10 2 2 2 2 10 2
left_child=1 5 6 9 13 12 15 17 -8 -3 -11 -7 14 23 -1 -2 25 -5 -12 22 -10 -18 -16 -4 -9 -13
right_child=2 3 4 7 -6 11 8 24 20 10 18 16 -14 -15 19 -17 21 -19 -20 -21 -22 -23 -24 -25 -26 -27
leaf_value=-3.0396669338511768 0.70464683266573147 -0.35140353531946511 3.8657757081700321 -0.61929271232424754 6.1084128463602498 -2.5041334031407079 1.6523260344983137 1.0390365778112014 2.3639605332539579 -1.9989623520001261 -1.1534489246478825 -2.0305078866548625 -3.5163403337219741 4.5359551477828512 -2.2731879032883682 1.5729843624507156 -1.5114644158955821 0.12183317639340696 -0.40532537144999342 -1.8514318267213941 2.9789799399687862 -0.96303171214867256 -2.8270198135122508 3.3048163334403449 0.6449284640461409 -1.672865712596439
leaf_weight=22 15.000000000000002 24 14.999999999999998 19 15.999999999999998 20 24 18 17 22 23 15.999999999999998 18 18 16.000000000000004 15.999999999999998 15.000000000000002 21 17 14.999999999999998 15.999999999999998 14.999999999999998 14.999999999999998 19 22 18
leaf_count=22 15 24 15 19 16 20 24 18 17 22 23 16 18 18 16 16 15 21 17 15 16 15 15 19 22 18
internal_value=0.0301695 -1.33886 2.97834 -0.3751 4.42403 -2.27955 1.85933 0.296613 2.24118 -0.999775 -1.25025 -1.78751 -2.75881 3.90036 -2.55583 1.15468 -1.56176 -0.230498 -0.836437 -2.32135 2.66625 -1.23936 -2.54534 3.55766 0.82339 -1.84395
internal_weight=492 336 156 166 68 170 88 80 57 86 62 84 86 52 68 31 64 40 40 46 33 30 31 34 40 34
internal_count=492 336 156 166 68 170 88 80 57 86 62 84 86 52 68 31 64 40 40 46 33 30 31 34 40 34
is_linear=0
shrinkage=0.03


Tree=17
num_leaves=26
num_cat=0
split_feature=45 28 85 42 89 27 89 79 18 45 41 46 21 45 94 87 46 34 3 28 34 23 67 33 85
split_gain=1.4017e+06 244339 237750 111698 92268.2 90610.3 64399.7 42379.8 35603 34188 32908.5 22143.5 21165.8 26998.8 17007 15454.8 14564.2 11644.9 8543.8 7929.93 6318.98 6133.52 5436.78 4656.75 4470.47
threshold=381.40000000000003 15.500000000000002 0.88840000000000008 66040.37000000001 330.78785000000011 16.500000000000004 353.28785000000005 -37.164999999999992 8.3500000000000032 207.83500000000004 38896.540000000008 439.74000000000007 8.4500000000000011 264.94500000000005 344.93695000000008 354.53000000000003 315.88500000000005 0.93540000000000012 1.5000000000000002 27.500000000000004 0.92440000000000011 6.2500000000000009 98.925000000000011 0.96675000000000011 0.88550000000000006
decision_type=10 2 10 10 10 2 10 10 2 8 10 10 2 10 10 10 10 10 2 2 8 2 10 10 10
left_child=1 4 5 10 7 -2 9 18 -6 -3 -4 17 13 20 -10 -8 19 -12 -1 23 24 -13 -20 -11 -9
right_child=2 6 3 -5 8 -7 15 12 14 16 11 21 -14 -15 -16 -17 -18 -19 22 -21 -22 -23 -24 -25 -26
leaf_value=-2.9606327882855359 -1.4155373409182526 -1.6464330853385607 1.6887219388841643 5.6015982451074535 0.6969990978050864 1.6989243251319945 0.43002504775254141 -2.3000216826885636 -0.47308648148676991 -0.82999166526528723 3.0697846055200713 3.9738796196074491 -2.3143583322856238 -0.33203550114406372 -1.8099414163887302 1.5561117582621538 0.64222585329581716 2.0144773687220017 -1.9744129330006557 0.17339389872328143 -1.1644898114251931 3.1496766227650861 -2.7063733309451665 -0.19176622564547527 -1.5634574519362405
leaf_weight=29 14.999999999999998 18 19 14.999999999999998 14.999999999999998 19 26 15.000000000000002 20 29 21 21 25 19 14.999999999999998 19 14.999999999999998 18 24 15.999999999999998 14.999999999999998 15.999999999999998 15.999999999999998 15.999999999999998 15.999999999999998
leaf_count=29 15 18 19 15 15 19 26 15 20 29 21 21 25 19 15 19 15 18 24 16 15 16 16 16 16
internal_value=0.0292707 -1.00078 2.51805 3.1955 -1.64893 0.324792 -0.0259595 -2.00235 -0.524179 -0.472714 2.81282 3.09253 -1.5718 -1.28461 -1.04783 0.906717 -0.193808 2.58596 -2.56237 -0.399773 -1.67725 3.62224 -2.27025 -0.603565 -1.92304
internal_weight=492 348 144 110 209 34 139 159 50 94 95 76 90 65 35 45 76 39 69 61 46 37 40 45 31
internal_count=492 348 144 110 209 34 139 159 50 94 95 76 90 65 35 45 76 39 69 61 46 37 40 45 31
is_linear=0
shrinkage=0.03


Tree=18
num_leaves=28
num_cat=0
split_feature=32 32 32 32 31 31 32 32 32 32 90 31 31 31 32 27 31 74 32 46 32 85 75 33 80 38 32
split_gain=1.97482e+06 302027 250410 59742.2 56297.6 54993.9 23622.3 15707.4 14515.5 13549.8 12651.3 16225.6 12031.7 10483.8 10375.7 7874.07 6746.23 5854.44 3688.17 3457.82 3176.24 2903.01 2586.26 2022.84 1793.06 1692.92 1521.47
threshold=321.00500000000005 236.68000000000004 427.92500000000007 512.6350000000001 175.50000000000003 154.50000000000003 367.50500000000005 164.46000000000004 278.95500000000004 213.23500000000004 266.27730000000008 146.50000000000003 174.50000000000003 182.50000000000003 477.83000000000004 17.500000000000004 134.50000000000003 86.440050000000028 266.11500000000007 172.29500000000002 400.28500000000008 0.84515000000000018 91.75500000000001 0.9587500000000001 -28.894999999999996 0.9164000000000001 258.59000000000009
decision_type=2 2 2 2 2 2 2 2 2 2 10 2 2 2 2 2 2 10 2 8 2 10 8 10 10 10 2
left_child=1 5 6 14 10 7 13 19 26 21 -3 -12 -8 -2 23 16 17 -9 -13 -1 -14 -7 -19 -4 -11 -10 -6
right_child=2 4 3 -5 8 9 12 15 25 24 11 18 20 -15 -16 -17 -18 22 -20 -21 -22 -23 -24 -25 -26 -27 -28
leaf_value=-2.6529408203277205 0.5828318449047124 -0.10485685993099476 3.084575551826263 5.7945677056713629 -0.31018485926314437 -2.0592338333842908 1.5464368057250977 -2.0035494361446546 1.0061734194489869 -0.65703300152902189 -1.6519578702757958 -0.92561322051788031 2.2067295516164678 1.6274219110443835 4.3092275320819393 -1.5753988590418735 -1.8949732749130026 -2.4939609018357518 -0.29009612422359998 -3.2841594432224732 2.818316763048974 -1.4879660511809372 -3.0494360189342813 3.6093778042530449 -1.1063949725502416 0.60384663847838937 0.11642214822610747
leaf_weight=20 15.999999999999998 18 15.999999999999998 15.999999999999998 15.000000000000002 15.999999999999998 19 14.999999999999998 17 14.999999999999998 22 15.999999999999998 18 19 17 15.999999999999998 24 21 17 15.999999999999998 15.999999999999998 18 14.999999999999998 19 18 22 14.999999999999998
leaf_count=20 16 18 16 16 15 16 19 15 17 15 22 16 18 19 17 16 24 21 17 16 16 18 15 19 18 22 15
internal_value=0.0284015 -1.26665 2.81727 4.18436 -0.215193 -2.03602 1.75909 -2.40312 0.399065 -1.33888 -0.795689 -1.02145 2.15887 1.15145 3.68379 -2.19012 -2.32011 -2.51809 -0.599205 -2.93769 2.4983 -1.75947 -2.72936 3.37425 -0.903488 0.780322 -0.0969926
internal_weight=492 336 156 68 142 194 88 127 69 67 73 55 53 35 52 91 75 51 33 36 34 34 36 35 33 39 30
internal_count=492 336 156 68 142 194 88 127 69 67 73 55 53 35 52 91 75 51 33 36 34 34 36 35 33 39 30
is_linear=0
shrinkage=0.03


Tree=19
num_leaves=27
num_cat=0
split_feature=45 31 31 42 48 31 5 5 28 31 89 46 31 25 2 75 5 24 91 12 34 21 27 10 9 23
split_gain=1.24041e+06 343456 340353 108901 95787.5 41554.5 37567.5 35647.9 33825.1 24777.3 21492.6 20984.1 18773.2 15109.1 12001.8 10665.2 8532.29 8303.6 7271.65 6989.86 6770.9 6403.93 5339.27 4971.72 3293.12 2643.74
threshold=381.40000000000003 157.50000000000003 156.50000000000003 66040.37000000001 294.84500000000008 174.50000000000003 33.500000000000007 36.500000000000007 11.500000000000002 175.50000000000003 309.45930000000004 395.35500000000008 134.50000000000003 8.3500000000000032 3.5000000000000004 97.530000000000015 42.500000000000007 6.0500000000000007 202.92000000000004 71.15000000000002 0.93540000000000012 7.7500000000000009 29.500000000000004 15.500000000000002 14.500000000000002 6.0500000000000007
decision_type=10 2 2 10 8 2 2 2 2 2 10 10 2 2 2 10 2 2 10 2 10 2 2 8 2 2
left_child=1 8 -2 5 10 -4 11 9 12 -6 18 -7 17 -10 -15 19 -8 -1 -3 -11 -12 -14 -13 24 -19 -21
right_child=2 4 3 -5 7 6 16 -9 13 15 20 22 21 14 -16 -17 -18 23 -20 25 -22 -23 -24 -25 -26 -27
leaf_value=-1.9244079091080009 -1.7520703529587416 -1.8423304642864873 1.506344704930018 5.2857599110143907 -0.48998906267769016 1.382315129124841 4.0044966426314756 1.7320810558921411 -1.943285835454253 1.3450155537627464 0.036330075330020972 2.3196339673193815 -2.0959538347475997 -1.5418645363210517 -0.42590349027490981 -0.085853766860248884 3.0639737739451118 -3.2582335912401419 -0.9840177053097543 0.26742052642213937 -0.81097761528514256 -1.2726385195142642 3.1010566867817801 -2.3580220819572109 -2.5961318396888298 0.79548706561252669
leaf_weight=18 15.999999999999998 18 26 14.999999999999998 27 14.999999999999998 21 18 22 14.999999999999998 18 15.999999999999998 15.999999999999998 15.999999999999998 19 15.999999999999998 17 16.000000000000004 18 14.999999999999998 15.999999999999998 19 18 26 14.999999999999998 20
leaf_count=18 16 18 26 15 27 15 21 18 22 15 18 16 16 16 19 16 17 16 18 15 16 19 18 26 15 20
internal_value=0.0275544 -0.941421 2.36877 2.88437 -0.0360449 2.56339 2.87822 0.511932 -1.92238 0.274955 -0.904747 2.32438 -2.23008 -1.32713 -0.937572 0.588043 3.58835 -2.49877 -1.41518 0.80359 -0.362964 -1.65151 2.73732 -2.67828 -2.94261 0.56992
internal_weight=492 348 144 128 181 113 87 111 167 93 70 49 110 57 35 66 38 75 36 50 34 35 34 57 31 35
internal_count=492 348 144 128 181 113 87 111 167 93 70 49 110 57 35 66 38 75 36 50 34 35 34 57 31 35
is_linear=0
shrinkage=0.03


Tree=20
num_leaves=28
num_cat=0
split_feature=32 32 32 32 32 31 37 25 31 32 32 31 32 31 32 32 3 91 31 84 0 30 92 15 32 34 38
split_gain=1.81915e+06 262331 259291 58217.3 54836.8 43130.1 20879.4 19238.4 15146.1 11319.3 11153 10697.3 9829.38 8482.45 6636.53 6088.8 5865.99 5435.31 3708.26 2772.18 1864.25 1856.47 1803.64 1422.03 1202.09 1077.04 424.752
threshold=321.00500000000005 419.69000000000005 241.64000000000001 210.85000000000002 512.6350000000001 173.50000000000003 0.79105000000000014 9.4000000000000021 157.50000000000003 473.59500000000008 162.53500000000005 145.50000000000003 284.98500000000007 138.50000000000003 278.95500000000004 360.33500000000009 2.5000000000000004 200.46000000000001 135.50000000000003 0.9678000000000001 8.5000000000000018 10.500000000000002 179.81500000000003 1.0000000180025095e-35 268.62500000000006 0.75265000000000015 0.91595000000000015
decision_type=2 2 2 2 2 2 10 2 2 2 2 2 2 2 2 2 2 10 2 10 2 2 8 2 2 10 10
left_child=2 6 3 7 9 11 -2 10 17 21 25 -4 24 16 -13 -8 -12 -5 -19 23 -10 -3 -15 -17 -7 -1 -14
right_child=1 4 5 8 -6 12 15 -9 20 -11 13 14 26 22 -16 19 -18 18 -20 -21 -22 -23 -24 -25 -26 -27 -28
leaf_value=-2.3850692646104918 0.55328180313110342 3.3486941963250163 -1.3114041852356653 -1.1171857929546571 5.3244279804379913 -0.077914574663537989 1.3257216774038716 -3.2333339997763941 -0.9705248420966599 4.0304737632914556 -1.7988460708978609 -0.74755814112589025 0.92465018060120208 -1.7597735809611381 0.020273185461497374 2.279754818100018 -2.5422056644829323 -2.1483933693003432 -1.5059356909247317 1.5868615822480103 -0.54365479556429031 2.8685223585559476 -1.2935190204370803 1.8718273921554438 0.2595858758704484 -2.7897417908728714 0.68915805284367038
leaf_weight=17 15.999999999999998 21 18 14.999999999999998 19 20 22 15.999999999999998 25 21 19 25 15.000000000000002 15.999999999999998 17 18 21 15.999999999999998 18 15.999999999999998 14.999999999999998 17 15.999999999999998 18 18 14.999999999999998 14.999999999999998
leaf_count=17 16 21 18 15 19 20 22 16 25 21 19 25 15 16 17 18 21 16 18 16 15 17 16 18 18 15 15
internal_value=0.0935329 2.64326 -1.17775 -1.82885 3.9164 -0.11431 1.5383 -2.26024 -1.24623 3.45881 -2.10904 -0.700275 0.402831 -1.89856 -0.437079 1.75073 -2.19183 -1.60001 -1.81102 1.92907 -0.811365 3.13797 -1.52907 2.07871 0.0820457 -2.57886 0.808297
internal_weight=505 168 337 209 78 128 90 120 89 59 104 60 68 72 42 74 40 49 34 52 40 38 32 36 38 32 30
internal_count=505 168 337 209 78 128 90 120 89 59 104 60 68 72 42 74 40 49 34 52 40 38 32 36 38 32 30
is_linear=0
shrinkage=0.03


Tree=21
num_leaves=28
num_cat=0
split_feature=32 32 32 32 32 31 25 31 31 32 32 31 32 32 31 32 85 91 31 32 26 30 92 32 34 34 28
split_gain=1.71192e+06 246864 244013 54786.7 51604.6 40588.1 18105.1 15155.7 14254.2 10650.9 10496.5 10067 10036.9 9250.42 7981.42 6245.13 5965.65 5114.7 3489.78 2720.89 1928.39 1746.23 1697.23 1131.24 1013.55 694.993 427.859
threshold=321.00500000000005 419.69000000000005 241.64000000000001 210.85000000000002 512.6350000000001 173.50000000000003 9.4000000000000021 166.50000000000003 157.50000000000003 473.59500000000008 162.53500000000005 145.50000000000003 353.58000000000004 284.98500000000007 138.50000000000003 278.95500000000004 0.86185000000000012 200.46000000000001 135.50000000000003 380.07500000000005 32.500000000000007 10.500000000000002 179.81500000000003 268.62500000000006 0.75265000000000015 0.96590000000000009 21.500000000000004
decision_type=2 2 2 2 2 2 2 2 2 2 2 2 2 2 2 2 10 10 2 2 2 2 8 2 10 10 2
left_child=2 7 3 6 9 11 10 -2 17 21 24 -4 -9 23 16 -13 -12 -5 -19 25 -10 -3 -16 -7 -1 -14 -15
right_child=1 4 5 8 -6 13 -8 12 20 -11 14 15 19 26 22 -17 -18 18 -20 -21 -22 -23 -24 -25 -26 -27 -28
leaf_value=-2.3137270044231695 0.61888450362753622 3.2484719725402682 -1.2721710378641566 -1.0837815759031479 5.1651144481268449 -0.075582966709374796 -3.1366361300744741 1.0656635858130268 -0.94885623891910387 3.9098467618892414 -1.8182382863574116 -0.72517615586697703 1.5121927239807738 0.6649181319075167 -1.7071448409891574 0.019666772979445468 -2.5810519908298954 -2.0841423234315677 -1.4608827742050889 2.1172749436471667 -0.51510066612218297 2.7827190184383448 -1.2548343537232585 0.25181986683293389 -2.7063276003207082 1.822836227416992 0.90063670440369648
leaf_weight=17 14.999999999999998 21 18 14.999999999999998 19 20 15.999999999999998 19 25 21 24 25 14.999999999999998 15.000000000000002 15.999999999999998 17 15.999999999999998 15.999999999999998 18 24 14.999999999999998 17 15.999999999999998 18 14.999999999999998 17 14.999999999999998
leaf_count=17 15 21 18 15 19 20 16 19 25 21 24 25 15 15 16 17 16 16 18 24 15 17 16 18 15 17 15
internal_value=0.0907292 2.56417 -1.14251 -1.77414 3.7992 -0.110883 -2.19263 1.49228 -1.20896 3.35531 -2.04595 -0.679318 1.66641 0.390786 -1.84176 -0.423992 -2.12624 -1.55216 -1.75686 1.86907 -0.787081 3.04408 -1.48335 0.0795903 -2.50174 1.67986 0.78413
internal_weight=505 168 337 209 78 128 120 90 89 59 104 60 75 68 72 42 40 49 34 56 40 38 32 38 32 32 30
internal_count=505 168 337 209 78 128 120 90 89 59 104 60 75 68 72 42 40 49 34 56 40 38 32 38 32 32 30
is_linear=0
shrinkage=0.03


Tree=22
num_leaves=27
num_cat=0
split_feature=32 32 32 32 32 31 37 31 31 0 31 32 32 32 32 32 31 91 10 31 55 34 78 31 32 38
split_gain=1.61102e+06 232495 229636 51558.5 45908.9 38195.8 20331.5 17015.8 13431.5 12087.6 9473.87 8914.28 8705.56 7153.14 7107.98 5876.82 5582.16 5256.92 3423.26 2721.72 2444.49 1983.82 1586.76 1315.54 1064.57 403.537
threshold=321.00500000000005 422.04000000000002 241.64000000000001 210.85000000000002 512.6350000000001 173.50000000000003 0.79105000000000014 138.50000000000003 156.50000000000003 34.500000000000007 145.50000000000003 473.59500000000008 284.98500000000007 388.37500000000006 171.79500000000004 278.95500000000004 95.500000000000014 200.46000000000001 15.500000000000002 135.50000000000003 1.0000000180025095e-35 0.85965000000000014 92.23105000000001 192.50000000000003 268.62500000000006 0.91595000000000015
decision_type=2 2 2 2 2 2 10 2 2 2 2 2 2 2 2 2 2 10 8 2 2 10 10 2 2 10
left_child=2 6 3 7 11 10 -2 9 17 18 -4 23 24 20 -9 -12 -11 -5 -1 -19 22 -10 -8 -3 -7 -14
right_child=1 4 5 8 -6 12 13 14 21 16 15 -13 25 -15 -16 -17 -18 19 -20 -21 -22 -23 -24 -25 -26 -27
leaf_value=-2.9592533719182725 0.50874578754478517 2.7588493277809838 -1.2341116294173982 -1.0513761495672587 5.0105676293560828 -0.073321132755041721 1.419808409067193 -2.1484698700236384 -1.0202563666769013 -2.3423061962662457 -0.70346429584982861 3.7928299174909066 0.87383246855878327 2.0825265336521452 -1.3428796311976068 0.019078499466792576 -1.5359397481757902 -2.0218128546598919 -2.4020881774597931 -1.4519745037043206 1.1823759864109704 -0.60032912718221199 1.8623570145008175 3.1910642341761708 0.24428619782350067 0.64491175312536497
leaf_weight=25 15.999999999999998 17 18 14.999999999999998 19 20 17 15.999999999999998 18 15.999999999999998 25 21 15.000000000000002 27 27 17 15.999999999999998 15.999999999999998 20 15.999999999999998 18 24 14.999999999999998 18 18 14.999999999999998
leaf_count=25 16 17 18 15 19 20 17 16 18 16 25 21 15 27 27 17 16 16 20 16 18 24 15 18 18 15
internal_value=0.0880082 2.48745 -1.10834 -1.72108 3.72994 -0.107558 1.48395 -2.12705 -1.17279 -2.39509 -0.658988 3.29133 0.379102 1.68611 -1.64482 -0.411296 -1.94219 -1.52137 -2.7146 -1.73965 1.47015 -0.781333 1.62988 2.98541 0.0772083 0.760686
internal_weight=505 168 337 209 75 128 93 120 89 77 60 56 68 77 43 42 32 47 45 32 50 42 32 35 38 30
internal_count=505 168 337 209 75 128 93 120 89 77 60 56 68 77 43 42 32 47 45 32 50 42 32 35 38 30
is_linear=0
shrinkage=0.03


Tree=23
num_leaves=25
num_cat=0
split_feature=32 32 32 32 31 31 37 32 25 32 32 31 32 40 32 27 32 0 31 5 31 34 32 28
split_gain=1.51605e+06 218827 216115 45659.1 44285.7 39110 17834.8 14400.7 13319.6 9560.21 9401.41 8608.52 8026.93 6467.34 6455.4 6085.51 5167.89 4611.13 2213.25 2137.97 1577.01 1545.57 1481.4 406.292
threshold=321.00500000000005 419.69000000000005 238.75000000000003 512.6350000000001 140.50000000000003 173.50000000000003 0.79105000000000014 185.06500000000003 9.1500000000000004 284.98500000000007 473.59500000000008 145.50000000000003 185.06500000000003 24936.765000000003 278.95500000000004 19.500000000000004 360.33500000000009 41.000000000000007 165.50000000000003 28.500000000000004 192.50000000000003 0.86835000000000007 268.62500000000006 21.500000000000004
decision_type=2 2 2 2 2 2 10 2 2 2 2 2 2 8 2 2 2 2 2 2 2 10 2 2
left_child=2 6 4 10 8 11 -2 -6 12 22 20 -4 17 -14 -13 18 -8 -1 -9 -18 -3 -17 -7 -11
right_child=1 3 5 -5 7 9 16 15 -10 23 -12 14 13 -15 -16 21 19 -19 -20 -21 -22 -23 -24 -25
leaf_value=-2.5660509319694671 0.49353093409649668 2.6305160287872904 -1.166768415541876 4.8606451728400275 -1.9095245839750963 -0.12593088878209577 1.2086841306881029 -1.4460278562993865 -2.8196251360733906 0.62210322573335441 3.6793153022530523 -0.72736960364357595 -1.3012704632882357 -2.014585576314412 0.018507826908592602 -0.91388382635383947 1.5381372090172094 -1.9089561930979329 -0.97250333488185536 1.9409102663443956 3.0704010892568379 -0.49354036758993269 0.23697791164271387 0.85123003937477282
leaf_weight=22 15.999999999999998 18 22 19 21 23 22 24 20 15.000000000000002 21 27 22 25 17 15.999999999999998 23 19 14.999999999999998 29 20 15.999999999999998 18 14.999999999999998
leaf_count=22 16 18 22 19 21 23 22 24 20 15 21 27 22 25 17 16 23 19 15 29 20 16 18 15
internal_value=0.0853758 2.41302 -1.07517 3.57581 -1.70383 -0.157137 1.40383 -1.21894 -2.1161 0.331455 3.15825 -0.68262 -1.95468 -1.68246 -0.439462 -1.01347 1.60016 -2.26428 -1.26542 1.76444 2.8658 -0.704857 0.033453 0.737942
internal_weight=505 168 337 78 200 137 90 92 108 71 59 66 88 47 44 71 74 41 39 52 38 32 41 30
internal_count=505 168 337 78 200 137 90 92 108 71 59 66 88 47 44 71 74 41 39 52 38 32 41 30
is_linear=0
shrinkage=0.03


Tree=24
num_leaves=28
num_cat=0
split_feature=32 32 32 32 31 31 37 25 31 32 31 32 32 31 32 85 32 91 31 55 70 26 92 72 34 32 38
split_gain=1.42666e+06 206074 203531 46248.1 41584.5 33839.6 17987.5 15616.9 11800 8916.25 8427.63 8302.74 7689.49 6635.61 6489.34 5245.07 5183.5 4497.44 2910.11 2276.42 1919.76 1739.11 1496.4 1407.85 964.063 932.465 383.242
threshold=321.00500000000005 422.04000000000002 241.64000000000001 210.85000000000002 202.50000000000003 173.50000000000003 0.79105000000000014 9.4000000000000021 157.50000000000003 162.53500000000005 145.50000000000003 477.83000000000004 284.98500000000007 138.50000000000003 388.37500000000006 0.86185000000000012 278.95500000000004 200.46000000000001 135.50000000000003 1.0000000180025095e-35 95.183850000000021 32.500000000000007 179.81500000000003 98.00500000000001 0.75265000000000015 268.62500000000006 0.91595000000000015
decision_type=2 2 2 2 2 2 10 2 2 2 2 2 2 2 2 10 2 10 2 2 10 2 8 10 10 2 10
left_child=2 6 3 7 11 10 -2 9 17 24 -4 23 25 15 19 -11 -12 -5 -19 20 -8 -10 -15 -3 -1 -7 -14
right_child=1 4 5 8 -6 12 14 -9 21 13 16 -13 26 22 -16 -17 -18 18 -20 -21 -22 -23 -24 -25 -26 -27 -28
leaf_value=-2.1078282340041352 0.47877114094306367 3.0423487879350732 -1.1622847301345782 -0.97399885229098038 4.7737047790358265 -0.067358477680463144 1.2920522664417731 -2.8809115814494195 -0.87029254081006535 -1.6509719640846807 -0.6606249595259478 3.558994254155686 0.82590637435152647 -1.5629967078093057 1.9636900563689565 -2.3654742645548881 0.017954218128909114 -1.9035932865321079 -1.3343964107016777 1.1032370673520413 1.7721795112395955 -0.45866183623126966 -1.1390669086491949 2.5971719174122243 -2.484783799687889 0.22988826844170479 0.6033737433550761
leaf_weight=17 15.999999999999998 14.999999999999998 18 14.999999999999998 18 20 15.999999999999998 15.999999999999998 25 24 25 23 15.000000000000002 15.999999999999998 27 15.999999999999998 17 15.999999999999998 18 18 15.999999999999998 14.999999999999998 15.999999999999998 19 14.999999999999998 18 14.999999999999998
leaf_count=17 16 15 18 15 18 20 16 16 25 24 25 23 15 16 27 16 17 16 18 18 16 15 16 19 15 18 15
internal_value=0.0828227 2.3408 -1.04299 -1.61985 3.51057 -0.100813 1.39605 -2.00435 -1.10058 -1.86816 -0.619846 3.10782 0.357254 -1.68 1.5862 -1.93941 -0.386232 -1.41285 -1.6047 1.38057 1.53455 -0.716734 -1.35319 2.7978 -2.28817 0.0735203 0.715879
internal_weight=505 168 337 209 75 128 93 120 89 104 60 57 68 72 77 40 42 49 34 50 32 40 32 34 32 38 30
internal_count=505 168 337 209 75 128 93 120 89 104 60 57 68 72 77 40 42 49 34 50 32 40 32 34 32 38 30
is_linear=0
shrinkage=0.03


Tree=25
num_leaves=27
num_cat=0
split_feature=32 32 32 31 32 24 31 0 32 31 25 31 32 31 40 73 26 32 32 24 32 21 32 87 42 7
split_gain=1.3283e+06 176532 156613 48315.5 42978.3 17763.4 17421.2 15012.2 14734.9 11194.4 9460.76 9054.65 7401.9 5290.57 4215.32 4652.31 3740.08 3417.43 3196.41 3004.53 2811.78 2346.61 2067.45 1988.07 1907.27 906.152
threshold=307.10500000000008 443.36500000000007 213.23500000000004 161.50000000000003 388.37500000000006 6.8500000000000005 138.50000000000003 10.500000000000002 263.00500000000005 175.50000000000003 9.4000000000000021 144.50000000000003 171.79500000000004 181.50000000000003 17840.420000000002 89.25145000000002 38.500000000000007 342.23500000000007 240.10500000000005 5.3500000000000005 419.69000000000005 7.2500000000000009 278.95500000000004 254.54500000000004 44484.275000000001 544.50000000000011
decision_type=2 2 2 2 2 2 2 2 2 2 2 2 2 2 8 10 2 2 2 2 2 2 2 10 8 2
left_child=2 4 6 7 9 19 10 11 16 -2 14 21 -8 -6 15 -1 24 -11 -13 -3 -15 -4 -10 -14 -5 -19
right_child=1 5 3 8 13 -7 12 -9 22 17 -12 18 23 20 -16 -17 -18 25 -20 -21 -22 -23 -24 -25 -26 -27
leaf_value=-2.1699324809770779 0.40308440281743813 3.5310242672536853 -1.8947905125127773 -0.42628948578467729 1.7255823816317264 4.3884894973881678 -1.9379725665998577 -0.40143784578154684 0.023354069778045185 0.96077246945147843 -2.8400741491585135 -1.2218125248905825 -0.96953829116485679 2.1046515219232553 -2.3183538964551365 -1.482496069244613 -0.094568906715371936 1.2661016772197331 -0.59877712235894298 2.9043557003792633 2.6723163602622924 -1.4029973597104857 0.41037492173877083 -1.4373142441556601 -0.82484113217589261 1.5978607676348349
leaf_weight=17 18 14.999999999999998 15.999999999999998 24 15.999999999999998 18 20 22 23 21 15.999999999999998 15.000000000000002 17 17 25 20 18 14.999999999999998 14.999999999999998 18 18 22 27 17 20 19
leaf_count=17 18 15 16 24 16 18 20 22 23 21 16 15 17 17 25 20 18 15 15 18 18 22 27 17 20 19
internal_value=0.0173874 2.13425 -1.0919 -0.566518 1.52211 3.6196 -1.89535 -1.0839 -0.150454 1.05405 -2.18301 -1.30422 -1.47819 2.19037 -2.01127 -1.80089 -0.459312 1.26651 -0.911859 3.19416 2.40003 -1.61233 0.232576 -1.20524 -0.608214 1.45361
internal_weight=509 175 334 202 124 51 132 90 112 73 78 68 54 51 62 37 62 55 30 33 35 38 50 34 44 34
internal_count=509 175 334 202 124 51 132 90 112 73 78 68 54 51 62 37 62 55 30 33 35 38 50 34 44 34
is_linear=0
shrinkage=0.03


Tree=26
num_leaves=29
num_cat=0
split_feature=32 32 32 31 32 24 31 0 32 31 0 31 32 31 79 26 25 32 32 18 90 48 25 21 87 33 44 7
split_gain=1.25002e+06 166130 147380 45468.2 40445.8 16833.8 16393.7 14127.7 13886.1 10534.6 9029.36 8520.36 6965.04 5528.04 5021.57 4425.35 3869.1 3216.13 3008.03 2597.66 2327.1 2284.01 2211.29 2033.57 1870.79 1487.72 1248.28 852.435
threshold=307.10500000000008 443.36500000000007 213.23500000000004 161.50000000000003 388.37500000000006 7.1500000000000012 138.50000000000003 10.500000000000002 267.77500000000003 175.50000000000003 37.500000000000007 144.50000000000003 171.79500000000004 93.500000000000014 -1.6199999999999999 38.500000000000007 9.4000000000000021 342.23500000000007 240.10500000000005 10.850000000000003 243.59125000000003 251.12500000000003 7.7500000000000009 7.3500000000000005 254.54500000000004 0.9587500000000001 39039.805700000004 544.50000000000011
decision_type=2 2 2 2 2 2 2 2 2 2 2 2 2 2 10 2 2 2 2 2 8 10 2 2 10 10 10 2
left_child=2 4 6 7 9 19 10 11 15 -2 16 22 -8 -12 25 21 20 -11 -13 -3 -1 26 -4 -10 -14 -6 -5 -19
right_child=1 5 3 8 14 -7 12 -9 23 17 13 18 24 -15 -16 -17 -18 27 -20 -21 -22 -23 -24 -25 -26 -27 -28 -29
leaf_value=-2.4357280169624036 0.39102537148546973 2.8125963113474288 -1.8239109618782647 -0.52161395904629704 2.1413628090893302 4.3678418546657616 -1.8799783785622612 -0.38942201763594231 0.4744914998615124 0.93201776314234797 -2.1301396528985408 -1.1852799194437322 -0.94053742129082551 -1.3176752700092638 1.7584121883510127 -0.06334066333067391 -2.7925011781204581 1.228244815458887 -0.58087348595806121 3.3817140056401698 -1.894756751583264 -0.27884449582233606 -1.3498489205910871 0.055030899883255248 -1.3943212814554791 2.6065399636303468 -0.9066717507906048 1.5500507643091397
leaf_weight=17 18 14.999999999999998 17 15.000000000000002 15.000000000000002 14.999999999999998 20 22 23 21 15.000000000000002 15.000000000000002 17 15.999999999999998 21 23 14.999999999999998 14.999999999999998 14.999999999999998 21 14.999999999999998 15.999999999999998 21 19 17 14.999999999999998 15.999999999999998 19
leaf_count=17 18 15 17 15 15 15 20 22 23 21 15 15 17 16 21 23 15 15 15 21 15 16 21 19 17 15 16 19
internal_value=0.0168712 2.07041 -1.05923 -0.549571 1.47658 3.51134 -1.83865 -1.05148 -0.145952 1.02252 -2.11769 -1.2652 -1.43397 -1.71365 2.12485 -0.404601 -2.38205 1.22862 -0.884596 3.14885 -2.18555 -0.571325 -1.56409 0.285062 -1.16919 2.37795 -0.721542 1.41013
internal_weight=509 175 334 202 124 51 132 90 112 73 78 68 54 31 51 70 47 55 30 36 32 47 38 42 34 30 31 34
internal_count=509 175 334 202 124 51 132 90 112 73 78 68 54 31 51 70 47 55 30 36 32 47 38 42 34 30 31 34
is_linear=0
shrinkage=0.03


Tree=27
num_leaves=27
num_cat=0
split_feature=32 32 32 32 32 24 26 25 32 38 36 0 5 79 92 32 26 20 29 29 46 32 26 10 13 43
split_gain=1.17636e+06 156340 138697 38062.9 37227.4 15886.9 14891.3 14806.2 9761.28 9747.27 7310.59 8069.75 5728.93 4726.41 3907.63 3795.58 3541.27 2475.37 1845.6 1944.89 2346.04 1786.46 1748.21 1263.97 1132.28 501.044
threshold=307.10500000000008 443.36500000000007 213.23500000000004 388.37500000000006 264.34500000000008 6.8500000000000005 34.500000000000007 9.4000000000000021 185.06500000000003 0.82960000000000012 0.66840000000000011 10.500000000000002 31.500000000000004 -1.6199999999999999 411.92000000000002 356.92000000000002 28.500000000000004 12.500000000000002 2.5000000000000004 5.5000000000000009 166.02500000000001 229.04500000000004 38.500000000000007 21.500000000000004 54.45000000000001 46678.894300000007
decision_type=2 2 2 2 2 2 2 2 2 10 10 2 2 10 10 2 2 2 2 2 10 2 2 8 2 10
left_child=2 3 7 9 6 14 10 8 18 -2 11 17 24 25 -3 -11 23 -4 -1 -20 -21 -12 -8 -10 -6 -5
right_child=1 5 4 13 12 -7 22 -9 16 15 21 -13 -14 -15 -16 -17 -18 -19 19 20 -22 -23 -24 -25 -26 -27
leaf_value=-2.1206050992174212 0.42606447520696011 2.6198862840012458 -1.5787278203508213 2.4580050583139204 0.078710131689766857 4.1333359956609232 -0.55679618523499663 -2.6130775773839865 -1.7028163451134561 0.95200713596590791 -0.83590162927859268 -0.57861946533773545 -0.3385243114160183 1.7057851363700811 3.3159553324945086 1.4649936227926594 -0.92954310929656414 -1.158547567410231 -1.4876925480922805 -2.1924163321561592 -1.6560912423679206 -0.37799519039467716 -0.15175034969115703 -1.2945037839262192 0.39977595429960455 2.1479338469140949
leaf_weight=22 20 14.999999999999998 24 15.000000000000002 15.999999999999998 18 15.999999999999998 17 15.000000000000002 27 16.000000000000004 15.999999999999998 20 21 18 26 14.999999999999998 29 15.999999999999998 14.999999999999998 17 14.999999999999998 24 14.999999999999998 26 14.999999999999998
leaf_count=22 20 15 24 15 16 18 16 17 15 27 16 16 20 21 18 26 15 29 16 15 17 15 24 15 26 15
internal_value=0.016364 2.00848 -1.02755 1.43242 -0.533134 3.40631 -0.804079 -1.78366 -1.65995 0.99193 -0.999721 -1.17182 0.0788082 2.0613 3.00405 1.20483 -1.31193 -1.35015 -1.88256 -1.77134 -1.91057 -0.615348 -0.314299 -1.5012 0.27774 2.30685
internal_weight=509 175 334 124 202 51 140 132 115 73 100 69 62 51 33 53 45 53 70 48 32 31 40 30 42 30
internal_count=509 175 334 124 202 51 140 132 115 73 100 69 62 51 33 53 45 53 70 48 32 31 40 30 42 30
is_linear=0
shrinkage=0.03


Tree=28
num_leaves=28
num_cat=0
split_feature=32 32 32 31 32 24 31 0 32 31 0 31 32 31 31 31 25 32 32 32 46 18 32 48 94 29 28
split_gain=1.10703e+06 147129 130526 41029.4 35822.1 15030.9 14809.2 12720.1 12314.4 9677.81 8350.45 7770.24 6245.81 5113.38 4849.42 3943.42 3329.15 2858.28 2816.43 2510.75 2452.26 2425.94 2029.69 1616.92 1206.07 1175.37 669.541
threshold=307.10500000000008 443.36500000000007 213.23500000000004 161.50000000000003 388.37500000000006 7.1500000000000012 138.50000000000003 10.500000000000002 251.47500000000002 175.50000000000003 37.500000000000007 134.50000000000003 171.79500000000004 93.500000000000014 181.50000000000003 181.50000000000003 9.4000000000000021 342.23500000000007 247.58500000000001 419.69000000000005 175.08000000000001 10.850000000000003 278.95500000000004 246.13000000000002 285.64305000000007 6.5000000000000009 20.500000000000004
decision_type=2 2 2 2 2 2 2 2 2 2 2 2 2 2 2 2 2 2 2 2 10 2 2 10 10 2 2
left_child=2 4 6 7 9 21 10 11 23 -2 16 -4 -8 -12 -6 -10 20 -11 -13 -16 -1 -3 -17 24 -5 -14 -19
right_child=1 5 3 8 14 -7 12 -9 15 17 13 18 25 -15 19 22 -18 26 -20 -21 -22 -23 -24 -25 -26 -27 -28
leaf_value=-2.3220818894909274 0.3570296050967271 2.6385795349932191 -1.661436936255215 -0.44724868601738799 1.5557177983934634 4.1136538848370003 -1.7680405545888696 -0.36575535326587905 -0.15857833036076771 0.8801286372775986 -2.0075280792134933 -1.1617882317527728 -1.2746953911655459 -1.2266722192496897 1.9218238996130976 0.11184074107371712 -2.6308725817100549 1.4716614824446066 -0.67664033473693752 2.4566466617320053 -1.7711287524454618 3.1860483879034986 0.53993292926803349 -0.26539673254590163 -0.83094317198591761 -0.91207489184620094 1.1861342715937371
leaf_weight=17 18 14.999999999999998 22 15.000000000000002 15.999999999999998 14.999999999999998 20 22 26 21 15.000000000000002 28 17 15.999999999999998 17 21 14.999999999999998 17 18 18 14.999999999999998 21 19 15.999999999999998 14.999999999999998 17 17
leaf_count=17 18 15 22 15 16 15 20 22 26 21 15 28 17 16 17 21 15 17 18 18 15 21 19 16 15 17 17
internal_value=0.0158729 1.94839 -0.996811 -0.517179 1.38956 3.30442 -1.73031 -0.993955 -0.13377 0.962231 -1.9955 -1.19676 -1.34573 -1.60718 1.99964 0.128827 -2.24962 1.15977 -0.972921 2.20003 -2.06704 2.96195 0.315642 -0.510302 -0.640209 -1.09503 1.33089
internal_weight=509 175 334 202 124 51 132 90 112 73 78 68 54 31 51 66 47 55 46 35 32 36 40 46 30 34 34
internal_count=509 175 334 202 124 51 132 90 112 73 78 68 54 31 51 66 47 55 46 35 32 36 40 46 30 34 34
is_linear=0
shrinkage=0.03


Tree=29
num_leaves=28
num_cat=0
split_feature=32 32 32 31 32 24 31 32 0 31 40 32 31 73 31 31 24 32 26 32 32 7 87 45 46 31 7
split_gain=1.04179e+06 138459 122838 38694.5 33711.2 14209.9 13937.5 13301.1 12470.8 9107.36 7879.39 5877.17 5104.04 5077.08 4563.25 4561.95 2695.8 2689.94 2382.79 2362.46 1910.02 1877.77 1724.43 1606.62 1436.59 1177.37 747.449
threshold=307.10500000000008 443.36500000000007 213.23500000000004 156.50000000000003 388.37500000000006 6.8500000000000005 138.50000000000003 251.47500000000002 10.500000000000002 175.50000000000003 17840.420000000002 171.79500000000004 134.50000000000003 89.25145000000002 181.50000000000003 181.50000000000003 5.3500000000000005 342.23500000000007 16.500000000000004 419.69000000000005 278.95500000000004 554.00000000000011 254.54500000000004 288.91000000000003 243.83500000000004 173.50000000000003 544.50000000000011
decision_type=2 2 2 2 2 2 2 2 2 2 8 2 2 10 2 2 2 2 2 2 2 2 10 10 10 2 2
left_child=2 4 6 8 9 16 10 24 12 -2 13 -8 -4 -1 -6 23 -3 -11 -12 -16 -17 -14 -13 -9 -5 -26 -19
right_child=1 5 3 7 14 -7 11 15 -10 17 18 22 21 -15 19 20 -18 26 -20 -21 -22 -23 -24 -25 25 -27 -28
leaf_value=-1.9829932403564452 0.34634839734212181 3.1413081081048198 -1.6117068299793063 -0.31002088683796675 1.5091916578061113 3.8930567065632573 -1.7151316186614762 0.03667769485929874 -0.34494881740897643 0.85378749561989387 -2.4786579758032894 -0.84328973872221102 -0.81762145665686903 -1.2888546302015347 1.8643382464545912 0.10849348693448971 2.5537592972942993 1.1212094054111215 -1.9828084618275561 2.3831514678701469 0.52377745848941049 -1.2581098582248185 -1.2780698175514198 -0.4018456871961042 -0.82711798712471929 -0.48250034465925701 1.4218236385555718
leaf_weight=19 18 14.999999999999998 22 19 15.999999999999998 18 20 15.000000000000002 18 21 20 17 19 20 17 21 18 14.999999999999998 19 18 19 17 17 14.999999999999998 15.999999999999998 21 19
leaf_count=19 18 15 22 19 16 18 20 15 18 21 20 17 19 20 17 21 18 15 19 18 19 17 17 15 16 21 19
internal_value=0.0153991 1.89011 -0.966993 -0.501701 1.34799 3.20558 -1.67856 -0.17907 -1.0361 0.933446 -1.93583 -1.30547 -1.25009 -1.62917 1.93983 0.0966091 2.82522 1.12507 -2.23998 2.13422 0.306198 -1.02713 -1.06228 -0.182838 -0.523475 -0.63248 1.29108
internal_weight=509 175 334 202 124 51 132 126 76 73 78 54 58 39 51 70 33 55 39 35 40 36 34 30 56 37 34
internal_count=509 175 334 202 124 51 132 126 76 73 78 54 58 39 51 70 33 55 39 35 40 36 34 30 56 37 34
is_linear=0
shrinkage=0.03


Tree=30
num_leaves=28
num_cat=0
split_feature=31 45 31 42 45 45 42 49 29 5 31 42 46 5 5 33 12 41 18 74 89 78 5 29 85 74 72
split_gain=672001 260117 61481.5 48839.2 32213.3 26872.7 24575.3 21285.9 18183 16463.3 13479.5 13303.9 9166.2 7434.44 7004.81 6195.72 5855.89 5630.32 5449.76 5359.18 3804.96 3514.17 3464.41 2990.2 3456.02 2090.1 945.294
threshold=167.50000000000003 342.77500000000003 140.50000000000003 63574.880000000012 368.36500000000007 230.75000000000003 52992.960000000006 416.69145000000009 11.500000000000002 36.500000000000007 189.50000000000003 20449.090000000004 439.74000000000007 2.5000000000000004 11.500000000000002 0.9719000000000001 73.65000000000002 51880.020000000011 9.2500000000000018 96.049800000000019 308.45860000000005 86.963950000000025 19.500000000000004 2.5000000000000004 0.84730000000000005 91.590000000000018 92.25500000000001
decision_type=2 10 2 10 10 10 8 10 2 2 2 8 10 2 2 10 2 10 2 10 10 10 2 2 10 10 10
left_child=2 5 8 6 11 -2 -3 12 13 10 15 -4 19 -1 -13 22 -12 -9 25 -8 -16 -22 -7 -20 -25 -15 -18
right_child=1 3 4 -5 -6 9 7 17 -10 -11 16 14 -14 18 20 -17 26 -19 23 -21 21 -23 -24 24 -26 -27 -28
leaf_value=-2.2832520927362077 -0.69225048733267547 0.77850952065835788 -1.6384913563951153 3.4920377186526301 0.47271671763679324 0.39703701785582596 0.92095309623874877 2.2039027908190953 -0.69541993884589715 1.1749266791409732 1.050867992920733 -0.14964547952948426 2.0483768814284349 -1.6631729389583545 -1.1555420372113079 -0.60763424993610105 0.48878912693986248 3.0266320121486321 -1.7335968355191245 1.6800120404598649 -0.33201317058630347 -0.8924939777465638 -0.19165408247099147 -0.99043921403058865 -1.5215171887402865 -2.1798461757196441 0.15658882074577862
leaf_weight=17 28 19 15.999999999999998 17 20 17 17 17 19 18 14.999999999999998 17 27 15.000000000000002 22 17 16.000000000000004 14.999999999999998 23 17 17 25 19 19 28 15.999999999999998 14.999999999999998
leaf_count=17 28 19 16 17 20 17 17 17 19 18 15 17 27 15 22 17 16 15 23 17 17 25 19 19 28 16 15
internal_value=-0.016576 1.01379 -1.12806 1.9935 -0.622582 0.141792 1.76457 1.96549 -1.55935 0.341615 0.189572 -0.84856 1.63404 -1.69809 -0.691591 -0.136507 0.565044 2.59372 -1.59851 1.30244 -0.835293 -0.666333 0.0864624 -1.44909 -1.30814 -1.93297 0.328606
internal_weight=528 274 254 129 117 145 112 93 137 117 99 97 61 118 81 53 46 32 101 34 64 42 36 70 47 31 31
internal_count=528 274 254 129 117 145 112 93 137 117 99 97 61 118 81 53 46 32 101 34 64 42 36 70 47 31 31
is_linear=0
shrinkage=0.03


Tree=31
num_leaves=27
num_cat=0
split_feature=32 32 32 32 32 32 32 27 5 46 77 46 27 82 33 5 36 0 32 12 37 10 32 35 72 32
split_gain=895692 138517 128543 34858.5 25262.1 15738.4 13487.5 12235.9 6883.35 5885.25 4881.66 3891.86 3854.88 3825.9 3671.76 3173.05 3039.27 2414.57 2351.55 2312.2 1913.24 1778.54 1646.49 1354.74 1190.58 567.517
threshold=311.64000000000004 419.69000000000005 238.75000000000003 486.30500000000001 185.06500000000003 263.00500000000005 367.50500000000005 18.500000000000004 38.500000000000007 309.28500000000003 86.107850000000013 179.15000000000001 27.500000000000004 -11.372349999999999 0.9587500000000001 28.500000000000004 0.66840000000000011 37.500000000000007 166.44000000000003 68.200000000000003 0.87475000000000014 16.500000000000004 280.06000000000006 0.92170000000000007 94.000000000000014 157.31000000000003
decision_type=2 2 2 2 2 2 2 2 2 8 10 8 2 10 10 2 10 2 2 2 10 10 2 10 10 2
left_child=2 6 4 14 11 13 10 9 19 16 -2 17 24 20 -3 -8 21 25 -13 -7 -4 -6 -21 -12 -9 -1
right_child=1 3 5 -5 7 8 15 12 -10 -11 23 18 -14 -15 -16 -17 -18 -19 -20 22 -22 -23 -24 -25 -26 -27
leaf_value=-1.8818244777215973 0.27035333900808167 1.9398574199343559 -0.5648910823023936 3.6584971390227352 -1.5273179049979422 -0.060032321127279069 1.1505533243510537 -0.69370725707754322 -0.44068412723429384 -1.7881953134298985 1.0505722606425383 -2.2899341034220759 -0.29717367992844684 -0.94727408186297535 2.5009046915533899 1.6364516448974609 -0.86932762019141552 -1.2762887886974299 -1.7667608148041194 0.11413006648290192 -0.1550161366448724 -1.1441993997542121 0.48640047214527748 0.68831012806934333 -1.0783804203426324 -1.5934853655378394
leaf_weight=15.999999999999998 15.999999999999998 20 26 25 20 17 25 15.000000000000002 17 18 22 15.999999999999998 14.999999999999998 15.999999999999998 26 25 21 15.999999999999998 18 17 17 27 29 17 14.999999999999998 15.999999999999998
leaf_count=16 16 20 26 25 20 17 25 15 17 18 22 16 15 16 26 25 21 16 18 17 17 27 29 17 15 16
internal_value=-0.0160755 1.73106 -0.889769 2.75427 -1.35281 -0.179982 1.03818 -1.09348 0.0941554 -1.30336 0.712861 -1.76615 -0.691351 -0.551485 2.25937 1.39492 -1.17378 -1.58722 -2.01601 0.238736 -0.403251 -1.30871 0.349128 0.893785 -0.887568 -1.74041
internal_weight=528 176 352 71 213 139 105 131 80 86 55 82 45 59 46 50 68 48 34 63 43 47 46 39 30 32
internal_count=528 176 352 71 213 139 105 131 80 86 55 82 45 59 46 50 68 48 34 63 43 47 46 39 30 32
is_linear=0
shrinkage=0.03


Tree=32
num_leaves=29
num_cat=0
split_feature=32 32 32 31 31 31 32 1 32 32 31 69 32 44 31 31 32 32 24 33 87 32 3 35 31 92 31 86
split_gain=842882 130346 120968 34116.2 25141.7 18905.4 12691.4 8922.32 8789.1 8206.55 6450.75 5517.94 5227.06 5106.91 4355.52 4264.19 3827.27 3792.17 3025.13 2692.29 2263.88 1882.12 1595.85 1485.27 1206.32 1148.85 1068.1 1045.87
threshold=311.64000000000004 419.69000000000005 238.75000000000003 202.50000000000003 140.50000000000003 176.50000000000003 367.50500000000005 108.00000000000001 185.06500000000003 184.10500000000005 95.500000000000014 88.63430000000001 477.83000000000004 25301.644650000006 146.50000000000003 164.50000000000003 283.26500000000004 266.11500000000007 6.8500000000000005 0.9587500000000001 262.46500000000009 218.50000000000003 7.5000000000000009 0.92170000000000007 112.50000000000001 236.12500000000003 188.50000000000003 0.87425000000000008
decision_type=2 2 2 2 2 2 2 2 2 2 2 10 2 10 2 2 2 2 2 10 8 2 2 10 2 10 2 10
left_child=2 6 4 12 7 13 11 10 -6 24 -1 -2 19 -4 -15 27 26 -16 22 -3 -11 -22 -8 -13 -9 -17 -7 -10
right_child=1 3 5 -5 8 16 18 9 15 20 -12 23 -14 14 17 25 -18 -19 -20 -21 21 -23 -24 -25 -26 -27 -28 -29
leaf_value=-1.6225507840243254 0.19985628134388464 1.8340767475244411 0.0082085541950111772 3.8941719468731741 -1.4398876642677467 -0.15279902783127042 1.3038275896750411 -2.3679173036379231 -0.83343059143750764 -1.2526365703012237 -0.79188669145981228 1.0336754911013124 2.779720169495199 -0.9727792853310222 -0.68055047695453352 -0.43157614990156518 0.48320254093177212 -0.1043274916308078 1.0489882044153891 2.3566277391157353 -1.9428524065492947 -1.4479669010758003 1.7518311459550233 0.65875275315427362 -1.9613001229829878 -0.76813293563985374 0.17831287179874186 -1.1705740666332836
leaf_weight=17 14.999999999999998 18 14.999999999999998 15.999999999999998 26 18 15.000000000000002 15.999999999999998 14.999999999999998 17 17 23 15.999999999999998 20 24 22 27 18 19 21 15.000000000000002 14.999999999999998 15.999999999999998 17 15.999999999999998 15.999999999999998 17 21
leaf_count=17 15 18 15 16 26 18 15 16 15 17 17 23 16 20 24 22 27 18 19 21 15 15 16 17 16 16 17 21
internal_value=-0.0156076 1.67924 -0.863153 2.67182 -1.31234 -0.1746 1.0071 -1.61918 -0.964953 -1.7948 -1.20904 0.691531 2.31298 -0.488417 -0.608502 -0.797205 0.215195 -0.434051 1.35316 2.11815 -1.53862 -1.69828 1.53755 0.875392 -2.16803 -0.574147 0.0080089 -1.03149
internal_weight=528 176 352 71 213 139 105 113 100 79 34 55 55 77 62 74 62 42 50 39 47 30 31 40 32 38 35 36
internal_count=528 176 352 71 213 139 105 113 100 79 34 55 55 77 62 74 62 42 50 39 47 30 31 40 32 38 35 36
is_linear=0
shrinkage=0.03


Tree=33
num_leaves=28
num_cat=0
split_feature=32 32 32 32 32 32 32 27 70 46 77 75 27 46 82 33 84 36 14 26 0 37 10 32 72 32 68
split_gain=793210 122664 113839 31476.3 22440.4 14011.1 11943.9 11035.9 6379.32 5252.53 4366.98 3819.81 3543.47 3527.53 3469.85 3219 2892.65 2709.28 2697.87 2203.65 2187.34 1714.42 1649.34 1265.59 1075.42 1047.87 808.158
threshold=311.64000000000004 419.69000000000005 238.75000000000003 486.30500000000001 185.06500000000003 263.00500000000005 367.50500000000005 18.500000000000004 90.131950000000018 309.28500000000003 86.107850000000013 100.17000000000002 27.500000000000004 179.15000000000001 -11.372349999999999 0.9587500000000001 0.96515000000000006 0.66840000000000011 0.006000000000000001 16.500000000000004 37.500000000000007 0.87475000000000014 15.500000000000002 283.26500000000004 94.000000000000014 342.23500000000007 102.98500000000001
decision_type=2 2 2 2 2 2 2 2 10 8 10 10 2 8 10 10 10 10 2 2 2 10 10 2 10 2 8
left_child=2 6 4 15 13 14 10 9 -7 17 -2 23 24 20 21 -3 18 22 -8 -15 26 -4 -6 -10 -9 -12 -1
right_child=1 3 5 -5 7 8 16 12 11 -11 25 -13 -14 19 -16 -17 -18 -19 -20 -21 -22 -23 -24 -25 -26 -27 -28
leaf_value=-1.4712600729398639 0.25231616153895292 1.8224243828067159 -0.53175093751493652 3.4510547057739984 -1.4628032354634886 -0.46736826839637113 1.6941929603633736 -0.65072123321583875 0.17260619369651814 -1.6860090808392891 0.70155809908497091 -0.18395237557241848 -0.26894355301841144 -2.1217888106699068 -0.89681351064521564 2.3478884419095265 0.95751132559538665 -0.81813097299136339 1.1507030845718129 -1.6138391549246651 -1.1966559886041088 -0.14376347895591488 -1.0879839700511729 0.48133308359645904 -1.0162038578781176 1.0209751171660215 -1.799801242150993
leaf_weight=15.999999999999998 15.999999999999998 20 26 25 18 14.999999999999998 20 15.000000000000002 21 18 22 15.999999999999998 14.999999999999998 19 15.999999999999998 26 14.999999999999998 21 14.999999999999998 14.999999999999998 15.999999999999998 17 29 28 14.999999999999998 17 15.999999999999998
leaf_count=16 16 20 26 25 18 15 20 15 21 18 22 16 15 19 16 26 15 21 15 15 16 17 29 28 15 17 16
internal_value=-0.0151407 1.62901 -0.837334 2.59189 -1.27308 -0.169376 0.976976 -1.02867 0.0892808 -1.22799 0.670838 0.218022 -0.646789 -1.66266 -0.519901 2.12169 1.31269 -1.10557 1.46329 -1.90044 -1.4924 -0.378741 -1.23297 0.349363 -0.834899 0.841959 -1.63813
internal_weight=528 176 352 71 213 139 105 131 80 86 55 65 45 82 59 46 50 68 35 34 48 43 47 49 30 39 32
internal_count=528 176 352 71 213 139 105 131 80 86 55 65 45 82 59 46 50 68 35 34 48 43 47 49 30 39 32
is_linear=0
shrinkage=0.03


Tree=34
num_leaves=26
num_cat=0
split_feature=32 32 32 32 32 32 32 45 32 5 28 69 82 33 32 5 69 35 68 12 68 37 32 35 32
split_gain=746450 115426 107130 29619 21302 13184.9 11240.1 8908.98 6578.56 6120.22 5814.83 4975.44 3265.5 3028.51 2877.69 2795.17 2582.08 2519.9 2176.3 1996.72 1639.1 1613.22 1565.8 1411.94 1410.21
threshold=311.64000000000004 419.69000000000005 238.75000000000003 486.30500000000001 213.23500000000004 263.00500000000005 367.50500000000005 285.89500000000004 185.06500000000003 38.500000000000007 12.500000000000002 88.63430000000001 -11.372349999999999 0.9587500000000001 401.37000000000006 28.500000000000004 91.057150000000021 0.82330000000000003 105.74500000000002 68.200000000000003 99.545000000000016 0.87475000000000014 162.53500000000005 0.92170000000000007 280.06000000000006
decision_type=2 2 2 2 2 2 2 8 2 2 2 10 10 10 2 2 10 8 10 2 8 10 2 10 2
left_child=2 6 4 13 7 12 11 8 18 19 16 -2 21 -3 15 -8 -6 -10 22 -7 -12 -4 -1 -13 -21
right_child=1 3 5 -5 10 9 14 -9 17 -11 20 23 -14 -15 -16 -17 -18 -19 -20 24 -22 -23 -24 -25 -26
leaf_value=-1.6230294313205509 0.18390846583534318 1.7678879828702778 -0.51582902904664252 3.3477297379727844 -1.3953634278560396 -0.054701479005673764 0.8701412279023899 -2.0161710560078521 -1.3249144744873047 -0.41771539766417914 -0.75824265419281089 0.97957498819347055 -0.86999290715868216 2.2775869774406563 1.6247378311917633 1.4145475622872326 -0.89530192325531632 -0.86113351056675713 -1.771666264524083 0.10801722624434752 -0.35161171704448158 -0.1394632272216931 -1.2551755364324602 0.61435736189140244 0.45256421269730318
leaf_weight=19 14.999999999999998 20 26 25 14.999999999999998 17 19 22 19 17 18 23 15.999999999999998 26 14.999999999999998 15.999999999999998 26 25 24 17 18 17 27 17 29
leaf_count=19 15 20 26 25 15 17 19 22 19 17 18 23 16 26 15 16 26 25 24 17 18 17 27 17 29
internal_value=-0.0146964 1.58025 -0.812287 2.5143 -1.235 -0.164312 0.947752 -1.4609 -1.35289 0.0866018 -0.835304 0.650769 -0.504345 2.05817 1.27343 1.12072 -1.07976 -1.06271 -1.53437 0.222935 -0.555738 -0.367403 -1.40875 0.825356 0.32552
internal_weight=528 176 352 71 213 139 105 136 114 80 77 55 59 46 50 35 41 44 70 63 36 43 46 40 46
internal_count=528 176 352 71 213 139 105 136 114 80 77 55 59 46 50 35 41 44 70 63 36 43 46 40 46
is_linear=0
shrinkage=0.03


Tree=35
num_leaves=27
num_cat=0
split_feature=32 32 32 32 32 31 32 31 31 0 4 31 31 32 32 31 31 32 32 87 71 36 46 31 45 32
split_gain=680114 114665 93365.4 26088 18600.9 18599.4 8898.44 7026.9 6813 6728.5 6260.49 6304.3 5947.09 4916.04 4355.47 4217.45 4049.48 3375.02 3089.87 2020.95 1683 1597.84 1234.84 847.62 671.988 647.57
threshold=321.00500000000005 241.64000000000001 427.92500000000007 213.23500000000004 512.6350000000001 173.50000000000003 367.50500000000005 138.50000000000003 158.50000000000003 33.500000000000007 1.5000000000000002 146.50000000000003 93.500000000000014 283.26500000000004 467.35000000000008 180.50000000000003 174.50000000000003 173.96500000000003 403.96500000000009 268.67500000000007 90.420000000000016 0.80490000000000006 254.96000000000001 135.50000000000003 233.73500000000004 295.56500000000005
decision_type=2 2 2 2 2 2 2 2 2 2 2 2 2 2 2 2 2 2 2 10 10 10 10 2 10 2
left_child=1 3 6 7 14 10 15 9 20 19 -3 -12 -11 22 -4 -2 -8 -9 -18 -1 -5 -10 -7 -22 -19 -15
right_child=2 5 4 8 -6 13 16 17 21 12 11 -13 -14 25 -16 -17 18 24 -20 -21 23 -23 -24 -25 -26 -27
leaf_value=-1.7087578153364014 0.30537183810617319 0.017237066416859296 1.9523389342558819 -0.75621408114923483 3.4165281263690126 0.23914904014612748 0.8798099699644284 -1.4452816025091677 -0.64740670405770695 -1.7462904336519329 -1.1452382341809446 -0.38720319364649497 -0.97325432231477194 0.39298691462994811 2.5510507051735192 0.9408461844222924 1.2041054683314298 -0.80201099091590022 1.7736502945088894 -2.1576839621914581 -1.3076917937269239 -0.26105772149860029 -0.10217521445993727 -0.97526973306142595 -1.0965397816401383 0.65654172586840243
leaf_weight=29 15.999999999999998 18 26 15.999999999999998 15.999999999999998 14.999999999999998 15.999999999999998 22 21 15.999999999999998 14.999999999999998 29 21 20 21 23 20 15.000000000000002 15.999999999999998 14.999999999999998 15.000000000000002 18 26 14.999999999999998 14.999999999999998 14.999999999999998
leaf_count=29 16 18 26 16 16 15 16 22 21 16 15 29 21 20 21 23 20 15 16 15 15 18 26 15 15 15
internal_value=-0.024844 -0.745387 1.64052 -1.17368 2.52809 -0.0686135 1.02498 -1.43614 -0.762396 -1.61175 -0.454036 -0.646665 -1.30949 0.245883 2.22231 0.680902 1.2821 -1.16128 1.45939 -1.86411 -1.00975 -0.469693 0.0228022 -1.14343 -0.950905 0.506757
internal_weight=510 356 154 218 63 138 91 133 85 81 62 44 37 76 47 39 52 52 36 44 46 39 41 30 30 35
internal_count=510 356 154 218 63 138 91 133 85 81 62 44 37 76 47 39 52 52 36 44 46 39 41 30 30 35
is_linear=0
shrinkage=0.03


Tree=36
num_leaves=27
num_cat=0
split_feature=31 45 31 45 5 46 27 31 31 3 36 31 81 39 69 25 35 80 13 71 13 11 33 31 10 80
split_gain=455404 153041 82023.2 33003.2 32156.4 16935.6 12198.7 11371.8 11172.7 10845.7 9266.19 7072.71 6162.76 5220.85 4484.15 4430.81 5642.14 4300.87 4214.35 2970.66 2685.53 2547.59 2498.79 2120.06 1980.98 1697.96
threshold=175.50000000000003 344.62000000000006 155.50000000000003 368.36500000000007 33.500000000000007 388.87000000000006 17.500000000000004 143.50000000000003 197.50000000000003 8.5000000000000018 0.94370000000000009 189.50000000000003 -19.378549999999994 27940.660000000003 100.36360000000001 9.4000000000000021 0.94500000000000017 -16.489999999999998 48.20000000000001 101.43500000000002 60.000000000000007 44.95000000000001 0.80490000000000006 182.50000000000003 15.500000000000002 -27.029999999999998
decision_type=2 10 2 10 2 10 2 2 2 2 8 2 10 10 10 2 10 8 2 10 2 2 8 2 8 8
left_child=2 9 6 10 5 -3 7 15 19 11 13 14 -7 -4 23 16 22 21 -12 -6 -13 -8 25 -2 -24 -1
right_child=1 4 3 -5 8 12 17 -9 -10 -11 18 20 -14 -15 -16 -17 -18 -19 -20 -21 -22 -23 24 -25 -26 -27
leaf_value=-1.5534739963873676 0.26616411389328359 0.64274249271858952 -1.2157565917297541 0.71542337177952875 2.3816384060583378 2.0706153822511504 -1.2567655034873173 -0.79329202973268886 3.0899505676066754 0.95565109110324176 0.12178575300547402 0.6541617220030056 1.3157428766986514 -0.45877785495508494 -0.56695967265537794 -1.9086365557641534 -0.87068487541697848 -0.36865526930194026 -0.44908976769893499 1.7808332838967582 0.18835088112878709 -0.6986907411888984 -1.838883423200516 -0.20185247617347218 -1.3827054715077347 -1.1197202399960182
leaf_weight=14.999999999999998 19 20 17 29 15.999999999999998 21 15.000000000000002 28 14.999999999999998 15.999999999999998 21 19 19 15.999999999999998 14.999999999999998 18 15.999999999999998 15.999999999999998 26 15.999999999999998 27 14.999999999999998 24 15.999999999999998 14.999999999999998 20
leaf_count=15 19 20 17 29 16 21 15 28 15 16 21 19 19 16 15 18 16 16 26 16 27 15 24 16 15 20
internal_value=-0.0241023 1.00914 -0.801745 -0.150795 1.82025 1.35789 -1.19144 -1.33445 2.40838 0.233774 -0.465068 0.11301 1.71418 -0.850031 -0.133907 -1.4743 -1.3864 -0.767634 -0.194127 2.08453 0.381285 -0.979405 -1.49723 0.0521881 -1.66546 -1.30761
internal_weight=510 219 291 109 107 60 182 136 47 112 80 96 40 33 50 108 90 46 47 32 46 30 74 35 39 35
internal_count=510 219 291 109 107 60 182 136 47 112 80 96 40 33 50 108 90 46 47 32 46 30 74 35 39 35
is_linear=0
shrinkage=0.03


Tree=37
num_leaves=27
num_cat=0
split_feature=32 32 32 31 32 31 32 90 31 32 32 32 31 0 31 31 32 32 45 32 32 32 80 74 68 32
split_gain=606932 102231 83653.6 22517.5 17003.5 16847.9 7929.92 7382.39 7629.56 6263.48 4457.75 4045.93 3672.03 3633.38 3446.55 3439.97 2902.79 2334.6 2331.84 2774.75 2253.07 1643.2 1074.81 888.78 718.297 575.889
threshold=321.00500000000005 229.54500000000004 427.92500000000007 173.50000000000003 512.6350000000001 164.50000000000003 367.50500000000005 266.27730000000008 143.50000000000003 283.26500000000004 213.94000000000003 467.35000000000008 180.50000000000003 58.500000000000007 174.50000000000003 140.50000000000003 403.96500000000009 251.47500000000002 236.61500000000004 184.10500000000005 213.23500000000004 266.11500000000007 -30.919999999999998 85.768050000000017 98.460000000000022 295.56500000000005
decision_type=2 2 2 2 2 2 2 10 2 2 2 2 2 2 2 2 2 2 10 2 2 2 10 10 10 2
left_child=1 5 6 7 11 10 12 -3 -9 17 13 -4 -2 15 -8 18 -16 -5 19 23 -7 -10 -17 -1 -19 -11
right_child=2 3 4 9 -6 20 14 8 21 25 -12 -13 -14 -15 16 22 -18 24 -20 -21 -22 -23 -24 -25 -26 -27
leaf_value=-1.5319261022422002 0.29192249921994784 0.010192917575986367 1.8378518137867756 -0.34265112890261351 3.2392575187326593 -0.89705977052227215 0.838542353906364 -1.0891549674017267 -0.56742091887774948 0.37204193657473134 -1.0005685339485211 2.4142072435682573 0.8849367727581694 -1.0222305457822738 1.126417876169866 -1.4156584638931424 1.6778724763103734 0.22587886377054564 -1.9489617591929214 -1.2589400897382879 -0.45502026269225027 -0.1926721118971749 -1.0427035459093874 -1.8875060639745769 -0.054822006320636531 0.62061869938112169
leaf_weight=15.000000000000002 15.999999999999998 19 26 15.999999999999998 15.999999999999998 20 15.999999999999998 24 28 20 27 21 23 17 20 15.000000000000002 15.999999999999998 18 15.999999999999998 22 22 17 14.999999999999998 14.999999999999998 14.999999999999998 14.999999999999998
leaf_count=15 16 19 26 16 16 20 16 24 28 20 27 21 23 17 20 15 16 18 16 22 22 17 15 15 15 15
internal_value=-0.0233809 -0.704055 1.54983 -0.17814 2.38998 -1.19548 0.967186 -0.513376 -0.657471 0.173138 -1.35168 2.0977 0.642373 -1.43363 1.20992 -1.50442 1.37354 -0.0458208 -1.62392 -1.5221 -0.666367 -0.426253 -1.23128 -1.71261 0.0983523 0.479351
internal_weight=510 356 154 172 63 184 91 88 69 84 142 47 39 115 52 98 36 49 68 52 42 45 30 30 33 35
internal_count=510 356 154 172 63 184 91 88 69 84 142 47 39 115 52 98 36 49 68 52 42 45 30 30 33 35
is_linear=0
shrinkage=0.03


Tree=38
num_leaves=28
num_cat=0
split_feature=32 32 32 31 32 31 32 90 31 32 32 32 31 0 31 31 32 73 32 45 32 32 69 74 74 31 32
split_gain=571156 96207.6 78720.7 21189.7 16003.2 15855.4 7462.81 6947.05 7179.52 5894.46 4195.76 3807.54 3455.31 3419.26 3243.24 3236.92 2731.85 2521.95 2197.03 2194.36 2611.66 1554.06 1214.68 908.34 836.259 613.217 541.962
threshold=321.00500000000005 229.54500000000004 427.92500000000007 173.50000000000003 512.6350000000001 164.50000000000003 367.50500000000005 266.27730000000008 143.50000000000003 283.26500000000004 213.94000000000003 467.35000000000008 180.50000000000003 58.500000000000007 174.50000000000003 140.50000000000003 403.96500000000009 92.943600000000018 251.47500000000002 236.61500000000004 184.10500000000005 271.26000000000005 94.542100000000019 90.066800000000015 85.768050000000017 188.50000000000003 295.56500000000005
decision_type=2 2 2 2 2 2 2 10 2 2 2 2 2 2 2 2 2 10 2 10 2 2 10 10 10 2 2
left_child=1 5 6 7 11 10 12 -3 -9 18 13 -4 -2 15 -8 19 -16 -7 -5 20 24 22 -10 -17 -1 -20 -11
right_child=2 3 4 9 -6 17 14 8 21 26 -12 -13 -14 -15 16 23 -18 -19 25 -21 -22 -23 -24 -25 -26 -27 -28
leaf_value=-1.4861209841503253 0.28319210217377849 0.0098879325295996474 1.782822079063606 -0.3324036220746619 3.1423825187326591 -0.9584714644612663 0.81346445765450737 -1.0565482555853354 -0.72909060053651098 0.36090851405612251 -0.9706069624049386 2.3419530535990152 0.85844625344762582 -0.99165357695996237 1.09270961913682 -1.3646040929749952 1.6276931142361364 -0.47156008016159706 -0.037799029394844974 -1.8906750531062901 -1.2212575292262902 -0.16329164741047197 -0.34514731244391372 -1.0202520779834632 -1.8310689967969722 0.22061067597956951 0.60206199474905009
leaf_weight=15.000000000000002 15.999999999999998 19 26 15.999999999999998 15.999999999999998 14.999999999999998 15.999999999999998 24 15.000000000000002 20 27 21 23 17 20 15.000000000000002 15.999999999999998 27 15.999999999999998 15.999999999999998 22 14.999999999999998 14.999999999999998 14.999999999999998 14.999999999999998 17 14.999999999999998
leaf_count=15 16 19 26 16 16 15 16 24 15 20 27 21 23 17 20 15 16 27 16 16 22 15 15 15 15 17 15
internal_value=-0.0226831 -0.682992 1.50346 -0.172805 2.31846 -1.15972 0.938252 -0.498006 -0.637789 0.167958 -1.31125 2.0349 0.623148 -1.39076 1.17373 -1.45943 1.33245 -0.646426 -0.0444514 -1.57535 -1.47657 -0.413492 -0.538063 -1.19446 -1.6614 0.0954081 0.465014
internal_weight=510 356 154 172 63 184 91 88 69 84 142 47 39 115 52 98 36 42 49 68 52 45 30 30 30 33 35
internal_count=510 356 154 172 63 184 91 88 69 84 142 47 39 115 52 98 36 42 49 68 52 45 30 30 30 33 35
is_linear=0
shrinkage=0.03


Tree=39
num_leaves=26
num_cat=0
split_feature=32 32 32 32 31 32 32 31 31 0 31 82 32 90 32 7 71 32 32 68 68 9 31 45 27
split_gain=537491 90626 74078.7 18631.7 15419 15061.7 7023.21 5488.39 5369.47 5481.45 5414.56 5030.24 3894.13 3617.48 3583.19 3341.1 3111.31 2768 1902.6 1669.6 1279.26 1059.9 959.37 661.662 442.3
threshold=321.00500000000005 238.75000000000003 427.92500000000007 213.23500000000004 175.50000000000003 512.6350000000001 367.50500000000005 156.50000000000003 138.50000000000003 33.500000000000007 93.500000000000014 -11.735749999999998 284.98500000000007 351.99695000000003 467.35000000000008 464.00000000000006 99.695000000000007 173.96500000000003 258.59000000000009 97.545000000000016 99.63000000000001 9.5000000000000018 188.50000000000003 233.73500000000004 26.500000000000004
decision_type=2 2 2 2 2 2 2 2 2 2 2 10 2 10 2 2 10 2 2 10 8 2 2 10 2
left_child=1 3 6 8 11 14 15 20 9 21 -11 13 22 18 -4 -2 -8 -10 -3 -9 -5 -1 -6 -19 -14
right_child=2 4 5 7 12 -7 16 19 17 10 -12 -13 24 -15 -16 -17 -18 23 -20 -21 -22 -23 -24 -25 -26
leaf_value=-1.8546412076978038 0.25195584953029287 -0.29123630587444743 1.7294400804926016 -1.1000462203771888 -0.12692257563074924 3.0484046957425983 1.3465021755855382 -0.670205848783342 -1.2934893746927481 -1.57397426926087 -0.83719145310463083 -0.76956461897123918 0.35480872143049041 -0.5974678876466839 2.2718613239931664 0.82379307398924961 0.87408403683381075 -0.69933378092870346 0.17158429243697448 -0.27718369861486936 -0.73384677791912289 -1.5308902915348186 0.15683628937686084 -0.98953856794541062 0.58130741664341512
leaf_weight=17 14.999999999999998 14.999999999999998 26 22 20 15.999999999999998 29 17 22 15.999999999999998 21 23 17 15.999999999999998 21 24 23 15.000000000000002 17 23 14.999999999999998 27 23 14.999999999999998 14.999999999999998
leaf_count=17 15 15 26 22 20 16 29 17 22 16 21 23 17 16 21 24 23 15 17 23 15 27 23 15 15
internal_value=-0.022008 -0.662561 1.45848 -1.06159 -0.0884319 2.24908 0.910183 -0.689436 -1.2767 -1.43025 -1.15753 -0.405164 0.211458 -0.229905 1.97399 0.604498 1.13862 -1.03635 -0.045432 -0.444884 -0.952818 -1.65797 0.0248265 -0.845891 0.461768
internal_weight=510 356 154 210 146 63 91 77 133 81 37 71 75 48 47 39 52 52 32 40 37 44 43 30 32
internal_count=510 356 154 210 146 63 91 77 133 81 37 71 75 48 47 39 52 52 32 40 37 44 43 30 32
is_linear=0
shrinkage=0.03


Tree=40
num_leaves=26
num_cat=0
split_feature=45 93 27 27 42 86 73 2 49 45 2 34 45 26 78 69 28 76 74 28 69 35 0 43 40
split_gain=285838 70367.3 48725.9 35980.4 30448.3 15965 12507.8 11549.7 18045.8 11498.9 10446.5 7839.82 7034.54 6196.93 6127.4 5474.32 4117.97 3383.81 3021.36 2951.87 2855.58 1707.22 1649.77 1649.68 1296.74
threshold=358.63500000000005 326.6493000000001 13.500000000000002 16.500000000000004 62878.44000000001 0.88045000000000007 98.256450000000015 5.5000000000000009 362.38715000000008 204.57000000000002 4.5000000000000009 0.93540000000000012 210.94000000000003 29.500000000000004 82.707700000000003 87.705000000000013 16.500000000000004 79.02500000000002 88.750000000000014 30.500000000000004 92.25715000000001 0.92280000000000018 5.5000000000000009 36121.137150000002 32289.315000000006
decision_type=10 10 2 2 10 10 10 2 10 10 2 10 10 2 10 10 2 10 10 2 10 8 2 10 10
left_child=1 3 -2 9 5 -4 10 8 13 18 19 -8 17 -3 -11 -14 -17 -5 21 -7 -16 -1 23 -18 -22
right_child=2 7 4 12 -6 6 11 -9 -10 14 -12 -13 15 -15 20 16 22 -19 -20 -21 24 -23 -24 -25 -26
leaf_value=-1.3779283676623306 -0.26692805152284232 -0.39493114114995803 0.47794542192698947 -0.39851141742693608 2.5473106726530554 0.37418369825496228 2.1490873558443977 -0.3121528085964877 1.0983465962034726 -1.1965985207547334 1.5725889238973301 1.3205836220825609 0.29478685113341924 0.36452834155775482 -0.85465866556782233 -0.63511860328227465 -0.2553458837021228 -1.0375936068411284 -1.7019934738016573 0.95341524761792851 -0.61129352585421826 -0.98238762837037485 -0.3633880799173459 0.16998013492766509 -0.21582488566538027
leaf_weight=24 20 14.999999999999998 25 15.000000000000002 15.999999999999998 14.999999999999998 20 22 26 23 19 22 17 27 24 23 14.999999999999998 14.999999999999998 15.999999999999998 17 15.000000000000002 18 21 18 14.999999999999998
leaf_count=24 20 15 25 15 16 15 20 22 26 23 19 22 17 27 24 23 15 15 16 17 15 18 21 18 15
internal_value=0.0373181 -0.437734 1.1137 -0.688813 1.3198 1.15233 1.33325 0.284778 0.478012 -1.02763 1.01563 1.71723 -0.31966 0.0931101 -0.786357 -0.191786 -0.299353 -0.719297 -1.34696 0.682955 -0.610651 -1.20982 -0.155858 -0.0233983 -0.414297
internal_weight=503 349 154 259 134 118 93 90 68 135 51 42 124 42 77 94 77 30 58 32 54 42 54 33 30
internal_count=503 349 154 259 134 118 93 90 68 135 51 42 124 42 77 94 77 30 58 32 54 42 54 33 30
is_linear=0
shrinkage=0.03


Tree=41
num_leaves=28
num_cat=0
split_feature=31 45 31 5 42 5 27 45 46 31 31 82 31 2 31 0 74 75 2 75 67 91 83 38 87 75 43
split_gain=362001 106072 51455.5 24705.5 19128.1 14716.7 12060.5 11310.4 10870.6 10718.8 7126.72 6112.44 6030.4 4645.14 4550.1 5909.33 5017 4315.13 4168.68 3401.69 3309.69 3240.27 2465.58 1500.37 1431.46 1142.92 1023.04
threshold=175.50000000000003 335.62000000000006 145.50000000000003 33.500000000000007 39366.230000000003 35.500000000000007 17.500000000000004 340.12500000000006 467.18500000000006 198.50000000000003 189.50000000000003 -12.063199999999998 162.50000000000003 3.5000000000000004 101.50000000000001 21.500000000000004 93.778750000000016 95.670000000000016 4.5000000000000009 85.200000000000017 102.69500000000001 200.46000000000001 0.89685000000000004 0.9063500000000001 299.48500000000007 90.690000000000012 24489.572150000004
decision_type=2 10 2 2 8 2 2 10 10 2 2 10 2 2 2 2 10 10 2 10 10 10 10 10 10 10 10
left_child=2 5 6 8 21 10 14 11 18 17 20 19 -9 -8 -1 16 26 -5 -3 -6 25 -4 -12 -23 -18 -2 -16
right_child=1 3 4 9 7 -7 13 12 -10 -11 22 -13 -14 -15 15 -17 24 -19 -20 -21 -22 23 -24 -25 -26 -27 -28
leaf_value=-1.5735540434437185 -0.1170693551988673 0.70065424041952051 -1.0920809638698237 2.0806850900957663 0.23522729578440865 1.0954529150846963 -0.90966148980527539 -0.053224622593369589 1.7859957345076434 2.6637370765242219 0.10973812233173966 -0.74215734409097345 0.72623957024139618 -0.26536820950600576 -1.3417485725681644 -0.6006667122885444 -0.78009299955635425 1.3815752229066653 1.2990857275909691 -0.37553605800055184 -0.5006844626550262 -0.39137734467846497 0.60041091748433895 -0.79026319345366502 -1.188691471135505 0.22882821340497544 -1.7139086052270425
leaf_weight=27 20 28 14.999999999999998 17 18 15.999999999999998 23 14.999999999999998 19 18 14.999999999999998 17 22 18 15.000000000000002 15.999999999999998 15.999999999999998 15.999999999999998 17 14.999999999999998 14.999999999999998 20 24 14.999999999999998 15.999999999999998 14.999999999999998 14.999999999999998
leaf_count=27 20 28 15 17 18 16 23 15 19 18 15 17 22 18 15 16 16 16 17 15 15 20 24 15 16 15 15
internal_value=0.0362002 0.948883 -0.673343 1.57813 -0.255586 0.25927 -1.06512 0.0132085 1.1839 2.07117 0.108397 -0.280914 0.410555 -0.627505 -1.2356 -1.11766 -1.25046 1.74437 0.927953 -0.0424952 -0.128645 -0.722865 0.412111 -0.563255 -0.985975 0.0312446 -1.53042
internal_weight=503 220 283 115 137 105 146 87 64 51 89 50 37 41 105 78 62 33 45 33 50 50 39 35 32 35 30
internal_count=503 220 283 115 137 105 146 87 64 51 89 50 37 41 105 78 62 33 45 33 50 50 39 35 32 35 30
is_linear=0
shrinkage=0.03


Tree=42
num_leaves=28
num_cat=0
split_feature=32 32 32 31 32 21 31 4 32 32 31 50 69 32 32 28 38 31 5 47 91 9 37 80 30 87 25
split_gain=465517 69188.8 63586.3 15229.1 14238.6 13295.5 11899.2 6517.24 4833.27 4443.57 4200.05 4104.69 3921.23 3570.19 3337.95 3012.93 2922.98 2899.81 2531.45 2188.57 1743.37 1663.8 1382.94 980.843 826.471 761.069 409.267
threshold=321.00500000000005 241.64000000000001 445.79500000000002 154.50000000000003 403.96500000000009 7.8500000000000005 173.50000000000003 1.5000000000000002 213.23500000000004 199.44500000000002 143.50000000000003 203.46340000000001 88.63430000000001 178.40500000000003 283.26500000000004 10.500000000000002 0.86810000000000009 195.50000000000003 36.500000000000007 249.92000000000004 205.59500000000003 21.500000000000004 0.94055000000000011 -28.894999999999996 9.5000000000000018 305.60000000000008 8.1500000000000004
decision_type=2 2 2 2 2 2 2 2 2 2 2 10 10 2 2 2 10 2 2 8 10 2 10 10 2 10 2
left_child=1 3 4 8 12 17 7 -3 11 -5 -9 13 -2 -1 25 -12 -6 -4 24 21 -10 -13 23 -11 -14 -8 -16
right_child=2 6 5 9 16 -7 14 10 20 22 15 19 18 -15 26 -17 -18 -19 -20 -21 -22 -23 -24 -25 -26 -27 -28
leaf_value=-1.2729949287903846 0.31284386991340418 0.091178357221734785 1.6239653359853548 -0.92165055496315118 1.1048090176270386 3.0346567994177933 0.12575449879218406 -0.93857960513819028 -0.59852746228443021 -0.34820419677072184 -0.031373960813414613 -1.0201018524169922 0.58819839137750107 -0.6840653099132773 0.48960996154368347 -0.60692381424917075 1.6337555973258562 2.2162069581331045 1.1817115375607512 -1.6568207555238892 -1.0064006763465303 -1.4647142189898448 -0.17282078846744525 -0.6882433262049592 0.85906594296815564 -0.16207648161415741 0.2821540042649075
leaf_weight=21 15.999999999999998 21 14.999999999999998 23 15.999999999999998 14.999999999999998 17 15.999999999999998 14.999999999999998 14.999999999999998 14.999999999999998 14.999999999999998 21 17 21 18 25 17 14.999999999999998 22 27 17 14.999999999999998 16.000000000000004 21 15.999999999999998 14.999999999999998
leaf_count=21 16 21 15 23 16 15 17 16 15 15 15 15 21 17 21 18 25 17 15 22 27 17 15 16 21 16 15
internal_value=0.0351152 -0.591063 1.36504 -0.944085 0.981465 2.29334 -0.075333 -0.3508 -1.13061 -0.581264 -0.54015 -1.25285 0.729299 -1.01081 0.204156 -0.345799 1.42897 1.94161 0.845796 -1.42205 -0.861652 -1.25827 -0.410222 -0.524582 0.724528 -0.0137886 0.403723
internal_weight=503 342 161 203 114 47 139 70 134 69 49 92 73 38 69 33 41 32 57 54 42 32 46 31 42 33 36
internal_count=503 342 161 203 114 47 139 70 134 69 49 92 73 38 69 33 41 32 57 54 42 32 46 31 42 33 36
is_linear=0
shrinkage=0.03


Tree=43
num_leaves=27
num_cat=0
split_feature=32 32 32 31 32 21 31 3 1 31 32 31 69 32 32 28 31 31 5 41 37 80 30 72 87 38
split_gain=438082 65110 59841.8 14331.2 13398.5 12512.4 11198 6133.24 4623.91 5684.57 4181.21 3952.56 3690.01 3183.38 3141.22 2835.31 2802.75 2728.54 2382.46 1486.74 1301.43 922.99 777.671 719.756 716.226 395.772
threshold=321.00500000000005 241.64000000000001 445.79500000000002 154.50000000000003 403.96500000000009 7.8500000000000005 173.50000000000003 3.5000000000000004 108.00000000000001 112.50000000000001 199.44500000000002 143.50000000000003 88.63430000000001 207.34 283.26500000000004 10.500000000000002 182.50000000000003 195.50000000000003 36.500000000000007 18552.345000000005 0.94055000000000011 -28.894999999999996 9.5000000000000018 91.50500000000001 305.60000000000008 0.92225000000000013
decision_type=2 2 2 2 2 2 2 2 2 2 2 2 10 2 2 2 2 2 2 10 10 10 2 8 10 10
left_child=1 3 4 8 12 17 7 -3 -1 -10 -5 -9 -2 19 24 -13 -6 -4 22 -11 21 -12 -14 -15 -8 -16
right_child=2 6 5 10 16 -7 14 11 9 13 20 15 18 23 25 -17 -18 -19 -20 -21 -22 -23 -24 -25 -26 -27
leaf_value=-0.75882623038891062 0.30348779157500394 0.088449501640156719 1.575408233186335 -0.89406101806044835 1.0688994535998764 2.9439195079106426 0.12199292691921558 -0.91050993607423003 -1.6084021080497031 -1.0435531345665279 -0.33779277542005737 -0.030435868517504974 0.57059434727648373 -1.0484099828417057 0.47608633793448035 -0.58876653986789507 1.5866787061862602 2.1499157374765168 1.1463779611682574 -1.4244181873379458 -0.16765339048201855 -0.66766034901699145 0.83335517674896897 -0.78488432769812 -0.15722933475102219 0.27213730485732368
leaf_weight=29 15.999999999999998 21 14.999999999999998 23 15.999999999999998 14.999999999999998 17 15.999999999999998 23 17 14.999999999999998 14.999999999999998 21 15.999999999999998 21 18 25 17 14.999999999999998 23 14.999999999999998 16.000000000000004 21 26 15.999999999999998 14.999999999999998
leaf_count=29 16 21 15 23 16 15 17 16 23 17 15 15 21 16 21 18 25 17 15 23 15 16 21 26 16 15
internal_value=0.0340673 -0.573378 1.3242 -0.915837 0.952098 2.22476 -0.0730808 -0.340309 -1.09678 -1.1897 -0.563874 -0.523996 0.707483 -1.07134 0.198048 -0.335455 1.3862 1.88354 0.820493 -1.26409 -0.397957 -0.508896 0.702845 -0.886438 -0.0133752 0.391644
internal_weight=503 342 161 203 114 47 139 70 134 105 69 49 73 82 69 33 41 32 57 40 46 31 42 42 33 36
internal_count=503 342 161 203 114 47 139 70 134 105 69 49 73 82 69 33 41 32 57 40 46 31 42 42 33 36
is_linear=0
shrinkage=0.03


Tree=44
num_leaves=26
num_cat=0
split_feature=31 45 31 5 47 5 27 46 31 31 42 82 43 0 75 31 0 6 82 67 90 11 82 75 84
split_gain=304528 88380.7 42630.2 21187.5 16635.8 12221 10851.8 9291.43 9172.36 6126.83 5796.93 5650.95 4763.06 4366.7 3616.5 3552.29 5767.83 3445.04 3354.51 2760.8 2606.95 2126.84 1685.98 955.638 920.569
threshold=175.50000000000003 335.62000000000006 143.50000000000003 33.500000000000007 339.23500000000007 35.500000000000007 17.500000000000004 467.18500000000006 198.50000000000003 189.50000000000003 28564.120000000006 -21.002649999999996 32433.340700000004 34.500000000000007 95.670000000000016 101.50000000000001 23.500000000000004 1.0000000180025095e-35 -19.803399999999996 102.69500000000001 313.85675000000009 66.850000000000009 -15.095349999999998 90.690000000000012 0.81405000000000005
decision_type=2 10 2 2 10 2 2 10 2 2 8 10 10 2 10 2 2 2 8 10 10 2 8 10 10
left_child=2 5 6 7 10 9 15 17 14 19 -4 -6 -12 -8 -5 -1 18 -3 24 23 -14 -11 -22 -2 -17
right_child=1 3 4 8 11 -7 13 -9 -10 21 12 -13 20 -15 -16 16 -18 -19 -20 -21 22 -23 -24 -25 -26
leaf_value=-1.4508251343901628 -0.10619769166532596 0.63624387738538934 -0.81730996065598749 1.9067687404330524 -0.16831056685938786 1.0026609558034167 -0.82794146759132503 1.6360892486572265 2.4491939521430273 0.66457243051243775 0.1661240380309349 0.5793020119532587 -0.74535433755242575 -0.18201820106149832 1.2666818604513863 -1.2160302183832818 -0.51684205019592833 1.180275071107747 -0.91068959530242188 -0.45640019705525264 -0.10306202995509578 0.2088303833047466 -0.47287945548931276 0.21009182946230484 -1.5463228015364887
leaf_weight=27 20 28 28 17 14.999999999999998 15.999999999999998 23 19 18 14.999999999999998 14.999999999999998 23 17 15.999999999999998 15.999999999999998 18 14.999999999999998 17 25 14.999999999999998 20 24 25 14.999999999999998 15.999999999999998
leaf_count=27 20 28 28 17 15 16 23 19 18 15 15 23 17 16 16 18 15 17 25 15 20 24 25 15 16
internal_value=0.0330532 0.870155 -0.617731 1.44454 -0.25326 0.240668 -0.989777 1.07948 1.90111 0.103178 -0.44787 0.284319 -0.313065 -0.563558 1.59885 -1.15398 -1.04475 0.842882 -1.17838 -0.116607 -0.429062 0.384781 -0.308846 0.0294185 -1.37355
internal_weight=503 220 283 115 143 105 140 64 51 89 105 38 77 39 33 101 74 45 59 50 62 39 45 35 34
internal_count=503 220 283 115 143 105 140 64 51 89 105 38 77 39 33 101 74 45 59 50 62 39 45 35 34
is_linear=0
shrinkage=0.03


Tree=45
num_leaves=28
num_cat=0
split_feature=32 32 32 32 32 32 27 70 32 40 87 83 33 82 69 25 82 25 46 88 46 84 9 76 42 10 80
split_gain=378666 63628.3 45459.2 16613 11723.4 7910.87 7197.28 7176.97 5322.69 3752.51 3438.17 2824.02 2691.38 2356.11 2155.92 1898.46 1884.46 1819.46 1813.42 1725.29 1701.58 1675.19 1614.34 1452.53 1011.39 923.465 799.15
threshold=297.11500000000007 445.79500000000002 238.00500000000002 380.07500000000005 168.84500000000003 512.6350000000001 18.500000000000004 88.621600000000015 267.77500000000003 41755.245000000003 310.08000000000004 0.70830000000000004 0.95155000000000012 -24.961799999999997 90.482850000000013 8.1500000000000004 -12.461449999999997 8.1500000000000004 399.89000000000004 337.3250000000001 170.74000000000004 0.93105000000000004 32.500000000000007 83.190000000000012 28207.925000000003 28.500000000000004 -25.479999999999997
decision_type=2 2 2 2 2 2 2 10 2 8 10 8 10 10 10 2 8 2 10 10 8 8 2 8 8 10 8
left_child=2 3 4 7 11 -3 9 -2 10 14 16 -1 -5 -10 25 -15 23 -14 19 -9 -13 24 26 -4 -8 -6 -16
right_child=1 5 8 12 6 -7 21 18 13 -11 -12 20 17 15 22 -17 -18 -19 -20 -21 -22 -23 -24 -25 -26 -27 -28
leaf_value=-0.97601487727706782 -0.013411144259233551 1.8004180726648016 -0.24346353863580072 0.95302775245299309 -1.1191136460792361 2.6488631189649348 -0.46706229896188878 0.73354798576688074 0.32144821237328253 -1.2741239931312625 -0.69195283274784258 -1.2226529280450256 1.5653848820313851 0.15658954075404571 -0.95583583166432928 -0.31992890342129415 -0.4455113575815105 1.1057677160307418 0.93263630662845376 0.3491930757990972 -1.689778441115471 -0.68023839299923894 -0.43643551000267511 0.14880609681673138 -0.12370346351319372 -0.81079371340717299 -0.64890077804889845
leaf_weight=18 18 28 18 28 19 15.999999999999998 16.000000000000004 24 23 18 15.999999999999998 15.000000000000002 18 15.000000000000002 14.999999999999998 14.999999999999998 17 14.999999999999998 17 19 14.999999999999998 15.999999999999998 18 15.999999999999998 14.999999999999998 18 17
leaf_count=18 18 28 18 28 19 16 16 24 23 18 16 15 18 15 15 15 17 15 17 19 15 16 18 16 15 18 17
internal_value=0.0294756 1.11777 -0.592965 0.802508 -0.869884 2.11163 -0.740326 0.511913 -0.131253 -0.878497 -0.308866 -1.27892 1.17334 0.0933294 -0.795941 -0.0817557 -0.188093 1.3585 0.669416 0.564354 -1.45869 -0.431008 -0.665929 -0.0588746 -0.301436 -0.970457 -0.79409
internal_weight=503 183 320 139 200 44 152 78 120 105 67 48 61 53 87 30 51 33 60 43 30 47 50 34 31 37 32
internal_count=503 183 320 139 200 44 152 78 120 105 67 48 61 53 87 30 51 33 60 43 30 47 50 34 31 37 32
is_linear=0
shrinkage=0.03


Tree=46
num_leaves=24
num_cat=0
split_feature=32 32 32 32 31 32 39 78 32 0 32 31 31 26 27 46 82 88 83 30 82 33 68
split_gain=356347 59876.3 42812.6 15633.6 14914.6 7445.92 7008.25 6354.57 5400.72 5324.25 4222.6 3264.25 3204.3 2900.43 2281.39 1896.55 1663.01 1584.64 1227.84 1187.49 1148.25 1057.94 998.735
threshold=297.11500000000007 445.79500000000002 213.23500000000004 380.07500000000005 161.50000000000003 512.6350000000001 32319.250000000004 84.132850000000005 268.62500000000006 10.500000000000002 168.84500000000003 134.50000000000003 188.50000000000003 38.500000000000007 18.500000000000004 399.89000000000004 -27.316399999999998 337.3250000000001 0.71155000000000013 1.5000000000000002 -23.159249999999997 0.97210000000000008 97.545000000000016
decision_type=2 2 2 2 2 2 8 10 2 2 2 2 2 2 2 10 10 10 10 2 10 10 10
left_child=2 3 6 7 9 -3 10 -2 13 11 18 -4 -5 22 16 17 -12 -9 -1 -13 -10 -14 -6
right_child=1 5 4 12 8 -7 -8 15 20 -11 14 19 21 -15 -16 -17 -18 -19 -20 -21 -22 -23 -24
leaf_value=-0.94681553700624077 -0.036281511627625079 1.7465018157143006 -1.0292910908180291 0.89868173071407376 -0.50158911458489031 2.5696447518607166 -1.4679569678990609 0.67630778755145682 0.37624436797049271 -0.16070073054021136 -0.60237053872738955 -0.37481996312518967 1.1652460672149212 0.069655583727388087 -0.46402087729746899 0.90473926303673347 -0.99841622663691709 0.31136433164921901 -1.2906022379349689 -0.69497800364691953 0.054714365124405175 1.5209043542024132 -0.22361060282427392
leaf_weight=18 15.999999999999998 28 21 28 22 15.999999999999998 24 27 20 20 14.999999999999998 17 17 21 19 17 28 18 22 28 20 15.999999999999998 25
leaf_count=18 16 28 21 28 22 16 24 27 20 20 15 17 17 21 19 17 28 18 22 28 20 16 25
internal_value=0.0285865 1.08432 -0.575232 0.778495 -0.295444 2.04844 -1.00572 0.496595 -0.0606341 -0.590098 -0.896273 -0.719976 1.13823 -0.223295 -0.739949 0.634054 -0.861156 0.530871 -1.13731 -0.574613 0.215786 1.33977 -0.354155
internal_weight=503 183 320 139 194 44 126 78 108 86 102 66 61 68 62 62 43 45 40 45 40 33 47
internal_count=503 183 320 139 194 44 126 78 108 86 102 66 61 68 62 62 43 45 40 45 40 33 47
is_linear=0
shrinkage=0.03


Tree=47
num_leaves=27
num_cat=0
split_feature=32 32 32 32 32 32 27 77 32 40 87 33 22 82 69 37 25 84 25 84 9 40 1 10 80 41
split_gain=335337 56345.5 40544.9 14712.1 10409.6 7008.29 6422.14 6133.74 4710.99 3336.02 3127.36 2433.94 2150.95 2090.58 1908.07 1751.13 1731.2 1708.81 1700.31 1543.66 1498.8 1421.92 945.536 826.774 714.436 541.645
threshold=297.11500000000007 445.79500000000002 238.00500000000002 380.07500000000005 168.84500000000003 512.6350000000001 18.500000000000004 85.542900000000017 267.77500000000003 41755.245000000003 310.08000000000004 0.95155000000000012 7.5500000000000007 -24.961799999999997 90.140700000000024 0.89960000000000007 8.1500000000000004 0.89555000000000018 8.1500000000000004 0.93105000000000004 32.500000000000007 58172.31500000001 139.50000000000003 28.500000000000004 -25.479999999999997 30154.970000000005
decision_type=2 2 2 2 2 2 2 10 2 8 10 10 2 10 10 10 2 8 2 8 2 10 2 10 8 10
left_child=2 3 4 7 12 -3 9 -2 10 14 15 -5 -1 -10 23 17 -15 -4 -13 22 24 25 -8 -6 -16 -9
right_child=1 5 8 11 6 -7 19 21 13 -11 -12 18 -14 16 20 -17 -18 -19 -20 -21 -22 -23 -24 -25 -26 -27
leaf_value=-1.0380721296090472 -0.0039284114395152173 1.6942001334613657 -0.50790067046268939 0.89472452887876786 -1.0567884057713306 2.4927955363621219 -0.10910437461941738 0.67666852039325964 0.30418888631973756 -1.2010041940113183 -0.65442460799885682 1.4799968643399817 -1.4562538104920875 0.15198117417750562 -0.90606122197502859 0.085855906722701589 -0.30305943455806994 -0.088385966464753288 1.0362667167939221 -0.6444923952583953 -0.40838447735250155 0.88137276392838471 -0.44103790434721468 -0.76066827625822808 -0.61961406372260508 0.45871086504370129
leaf_weight=29 18 28 17 28 19 15.999999999999998 15.000000000000002 17 23 18 15.999999999999998 18 19 15.000000000000002 14.999999999999998 15.999999999999998 14.999999999999998 18 14.999999999999998 15.999999999999998 18 14.999999999999998 15.999999999999998 17 18 28
leaf_count=29 18 28 17 28 19 16 15 17 23 18 16 18 19 15 15 16 15 18 15 16 18 15 16 17 18 28
internal_value=0.0277331 1.05187 -0.558015 0.7552 -0.819537 1.98713 -0.697453 0.481733 -0.121972 -0.827972 -0.289069 1.10417 -1.20498 0.0893087 -0.75013 -0.17389 -0.0756149 -0.292627 1.28022 -0.405266 -0.630648 0.627339 -0.280908 -0.918244 -0.751036 0.541743
internal_weight=503 183 320 139 200 44 152 78 120 105 67 61 48 53 87 51 30 35 33 47 51 60 31 36 33 45
internal_count=503 183 320 139 200 44 152 78 120 105 67 61 48 53 87 51 30 35 33 47 51 60 31 36 33 45
is_linear=0
shrinkage=0.03


Tree=48
num_leaves=25
num_cat=0
split_feature=32 32 32 31 32 1 31 32 32 77 68 31 10 91 27 84 31 32 82 0 9 31 32 81
split_gain=315610 47598.5 45563.9 12324.7 11037.1 7295.98 6884.14 6596.38 4909.64 4613 3876.72 2958.09 2851.66 3210.29 2700.74 2448.52 1895.56 1607.12 1524.93 1283.48 1014.39 715.31 702.641 440.724
threshold=311.64000000000004 445.79500000000002 244.09000000000003 134.50000000000003 380.07500000000005 108.00000000000001 176.50000000000003 512.6350000000001 174.70000000000002 85.542900000000017 97.545000000000016 188.50000000000003 21.500000000000004 238.68500000000003 27.500000000000004 0.89155000000000018 174.50000000000003 284.98500000000007 -12.997299999999997 8.5000000000000018 15.500000000000002 189.50000000000003 218.50000000000003 -22.162099999999999
decision_type=2 2 2 2 2 2 2 2 2 10 8 2 8 8 2 10 2 2 8 2 2 2 2 10
left_child=2 4 3 5 9 -1 10 -3 -5 -2 15 -6 13 -7 16 -4 19 21 23 22 -13 -8 -10 -11
right_child=1 7 6 8 11 12 17 -9 14 18 -12 20 -14 -15 -16 -17 -18 -19 -20 -21 -22 -23 -24 -25
leaf_value=-0.64375804434485606 0.04684758820407018 1.6434647628457788 -0.71959982214211748 -0.96524490530922114 0.84108873600628287 -1.1090480305781334 -0.10398066580889628 2.4182446759660663 -0.85666559626190941 0.65454280327324865 -0.001941640887030943 1.4211973235745841 -0.8953240828639949 -1.6299718678309061 -0.11473559907900535 -0.22405358918155655 -0.24698251527805265 0.3710551718317297 0.88929315050071644 -0.4180771243126315 1.0727271017283695 0.16966568138236712 -0.61327626917735645 0.43308174264712584
leaf_weight=28 14.999999999999998 28 18 24 28 23 14.999999999999998 15.999999999999998 18 14.999999999999995 28 18 17 21 14.999999999999998 18 14.999999999999998 24 15.999999999999998 20 14.999999999999998 20 29 19.000000000000004
leaf_count=28 15 28 18 24 28 23 15 16 18 15 28 18 17 21 15 18 15 24 16 20 15 20 29 19
internal_value=0.0269004 1.07847 -0.510011 -0.778527 0.781261 -1.04662 -0.0514274 1.92766 -0.58097 0.50859 -0.266829 1.07113 -1.23084 -1.35927 -0.485428 -0.472523 -0.553108 0.182231 0.646898 -0.621386 1.26471 0.0523648 -0.707332 0.531647
internal_weight=503 170 333 210 126 89 123 44 121 65 64 61 61 44 97 36 82 59 50 67 33 35 47 34
internal_count=503 170 333 210 126 89 123 44 121 65 64 61 61 44 97 36 82 59 50 67 33 35 47 34
is_linear=0
shrinkage=0.03


Tree=49
num_leaves=24
num_cat=0
split_feature=32 32 32 32 31 32 39 0 70 32 31 32 31 27 40 34 85 82 32 83 30 82 91
split_gain=297225 49848.3 36130.7 13033.7 12711.4 6208.67 6003.32 4671.77 4666.3 4462.59 3815.54 3568.32 2836.51 1888.28 1626 1580.77 1568.09 1484.34 1361.51 1173.79 1124.78 983.821 803.553
threshold=297.11500000000007 445.79500000000002 213.23500000000004 365.24000000000007 161.50000000000003 512.6350000000001 32319.250000000004 10.500000000000002 88.621600000000015 268.62500000000006 187.50000000000003 168.84500000000003 134.50000000000003 18.500000000000004 27332.470000000005 0.8702000000000002 0.92820000000000014 -27.316399999999998 422.04000000000002 0.71155000000000013 1.5000000000000002 -23.159249999999997 294.29500000000007
decision_type=2 2 2 2 2 2 8 2 10 2 2 2 2 2 10 10 10 10 2 10 2 10 10
left_child=2 3 6 8 7 -3 11 12 -2 14 16 19 -4 17 -6 -16 -5 -13 -12 -1 -14 -11 -10
right_child=1 5 4 10 9 -7 -8 -9 22 21 18 13 20 -15 15 -17 -18 -19 -20 -21 -22 -23 -24
leaf_value=-0.85558975969985573 -0.039760457022099197 1.594248687723741 -0.95032628623436866 0.57469025891637004 0.0057366930636821752 2.3459233242997501 -1.3486187780622136 -0.13816251203603577 0.71573765970836167 0.34823164100361581 1.0248694432153522 -0.54185472903457588 -0.33228568449048351 -0.42478215762010701 -0.53208532104743878 -0.16509231814726147 0.96589932712991222 -0.91572905474168087 1.3920259657530025 -1.1905600011916386 -0.64359921396734887 0.05060532650745421 0.44656192467174427
leaf_weight=18 17 28 21 21 23 15.999999999999998 24 20 15.999999999999998 20 24 14.999999999999998 17 19 17 28 17 28 15.999999999999998 22 28 20 28
leaf_count=18 17 28 21 21 23 16 24 20 16 20 24 15 17 19 17 28 17 28 16 22 28 20 28
internal_value=0.0260973 0.990284 -0.525361 0.711238 -0.268333 1.86997 -0.920827 -0.540354 0.38224 -0.0515593 0.968103 -0.819544 -0.662011 -0.675846 -0.199422 -0.304204 0.750784 -0.786123 1.17332 -1.04112 -0.526525 0.199705 0.545179
internal_weight=503 183 320 139 194 44 126 86 61 108 78 102 66 62 68 45 38 43 40 40 45 40 44
internal_count=503 183 320 139 194 44 126 86 61 108 78 102 66 62 68 45 38 43 40 40 45 40 44
is_linear=0
shrinkage=0.03


Tree=50
num_leaves=25
num_cat=0
split_feature=32 32 32 24 32 31 31 0 32 1 38 32 0 31 72 31 18 82 20 67 79 24 21 32
split_gain=320072 44080.9 43173.3 21155 11041.4 9654.38 9508.4 4700.89 4528.78 3779.77 3715.8 3280.25 2836.2 2808.45 2405.3 1967.98 1885.7 1747.08 1731.26 1145.92 1116.3 1039.91 537.261 351.895
threshold=321.00500000000005 467.35000000000008 229.54500000000004 7.0500000000000007 401.37000000000006 161.50000000000003 138.50000000000003 6.5000000000000009 268.62500000000006 108.00000000000001 0.82960000000000012 182.68000000000004 8.5000000000000018 135.50000000000003 101.86000000000001 178.50000000000003 10.450000000000001 -14.419449999999998 13.500000000000002 97.090000000000018 -4.0749999999999993 7.0500000000000007 7.2500000000000009 290.38500000000005
decision_type=2 2 2 2 2 2 2 2 2 2 10 2 2 2 10 2 2 10 2 10 10 2 2 2
left_child=2 4 6 -3 10 7 9 13 18 -1 -2 -11 15 -4 22 21 -13 19 -7 -12 23 -8 -6 -10
right_child=1 3 5 -5 14 8 12 -9 20 11 17 16 -14 -15 -16 -17 -18 -19 -20 -21 -22 -23 -24 -25
leaf_value=-0.71861962119525769 0.24194168679932146 1.4649409045145183 -0.9508084373854323 2.8957173202362569 1.2319524654755953 -0.44611382728399224 -0.92533616985389577 -0.080266702759022618 0.21981675574288792 -1.3786022848106292 0.78027595573496589 -1.2139923758522617 -0.32397485532073128 -0.42604021603748848 0.90042931730961073 -0.40467728133513542 -0.77620162419797023 0.95540110282263668 -0.046972336947599197 0.41836433290321134 -0.0032918422958779568 -0.63416717051327076 1.5100069404678089 0.39386293861809674
leaf_weight=28 18 25 14.999999999999998 14.999999999999998 15.000000000000002 14.999999999999998 25 22 24 29 15.999999999999998 14.999999999999998 27 24 14.999999999999998 15.999999999999998 23 21 28 15.999999999999998 14.999999999999998 21 14.999999999999998 19
leaf_count=28 18 25 15 15 15 15 25 22 24 29 16 15 27 24 15 16 23 21 28 16 15 21 15 19
internal_value=0.0179927 1.14594 -0.490649 2.00446 0.849146 -0.133426 -0.80503 -0.431266 0.0465666 -1.01391 0.615354 -1.13667 -0.581606 -0.628872 1.21689 -0.693424 -0.950421 0.741798 -0.186599 0.600302 0.219468 -0.793277 1.37331 0.297124
internal_weight=502 156 346 40 116 162 184 61 101 95 71 67 89 39 45 62 38 53 43 32 58 46 30 43
internal_count=502 156 346 40 116 162 184 61 101 95 71 67 89 39 45 62 38 53 43 32 58 46 30 43
is_linear=0
shrinkage=0.03


Tree=51
num_leaves=26
num_cat=0
split_feature=31 45 31 44 47 5 1 31 31 2 42 31 42 45 39 18 73 27 31 94 20 72 85 71 86
split_gain=220009 74414.7 27280.1 21071.9 16372.7 12117.9 6303.4 5024.78 5015.37 4894.89 4868.82 4404.07 3458.13 3167.72 3162.67 2882.62 2770.64 2378.25 1959.34 1842.28 1609.97 1297.05 1064.17 895.773 699.289
threshold=174.50000000000003 381.40000000000003 140.50000000000003 57457.521750000007 330.17000000000002 36.500000000000007 108.00000000000001 95.500000000000014 109.00000000000001 5.5000000000000009 20449.090000000004 163.50000000000003 63574.880000000012 329.14000000000004 23402.355000000003 9.4500000000000011 98.256450000000015 23.500000000000004 195.50000000000003 351.90000000000003 9.5000000000000018 94.185000000000016 0.8801000000000001 95.375000000000014 0.89770000000000005
decision_type=2 10 2 10 8 2 2 2 2 2 8 2 10 10 10 2 10 2 2 10 2 10 10 10 10
left_child=2 5 6 12 10 9 7 -1 -8 13 -4 -6 16 18 -12 -10 19 21 22 -3 -17 -16 -2 -23 -24
right_child=1 3 4 -5 11 -7 8 -9 15 -11 14 -13 -14 -15 17 20 -18 -19 -20 -21 -22 23 24 -25 -26
leaf_value=-0.95289716663550683 -0.15816618346792505 1.0376998082749143 -0.88756898827683595 2.3257331370416088 -0.058322738994684001 0.91344279129903505 -1.3677949290932294 -0.23378057008684386 -1.1338963267114206 -0.32595006510967339 -0.0010957369916250279 0.57886136077520411 1.5489535687215303 0.6005987958496195 -0.37850440892118176 -0.49098428874421329 1.2767494390632221 -0.12316852826216688 0.34792891335834336 0.61255788247054588 -0.86681571741862129 -0.51824502646366 0.2570366999830318 -0.84537064346364166 -0.018956595180190609
leaf_weight=14.999999999999998 19 25 20 15.999999999999998 20 20 25 21 24 19 17 19 14.999999999999998 14.999999999999998 23 17 27 14.999999999999998 24 14.999999999999998 27 16.000000000000004 17 14.999999999999998 15.999999999999998
leaf_count=15 19 25 20 16 20 20 25 21 24 19 17 19 15 15 23 17 27 15 24 15 27 16 17 15 16
internal_value=0.0174606 0.70587 -0.555396 1.32988 -0.272891 0.235118 -0.872699 -0.53436 -1.0033 0.111413 -0.466203 0.252406 1.13426 0.202876 -0.367735 -0.868359 1.0403 -0.457978 0.124015 0.879273 -0.722364 -0.550753 0.0204065 -0.677686 0.12335
internal_weight=502 228 274 98 145 130 129 36 93 110 106 39 82 91 86 68 67 69 76 40 44 54 52 31 33
internal_count=502 228 274 98 145 130 129 36 93 110 106 39 82 91 86 68 67 69 76 40 44 54 52 31 33
is_linear=0
shrinkage=0.03


Tree=52
num_leaves=25
num_cat=0
split_feature=31 39 31 44 47 5 0 31 31 48 42 31 2 68 39 18 42 78 37 21 28 20 67 18
split_gain=207040 68783.2 25671 19125.4 15407.8 13564.2 5499.88 5110.42 5025.22 4833.89 4581.61 4144.48 3375.5 3342.91 2976.29 2712.5 2377.38 2317.45 2257.19 1715.15 1644.46 1514.79 1479.42 685.317
threshold=174.50000000000003 51509.840000000004 140.50000000000003 57457.521750000007 330.17000000000002 36.500000000000007 37.500000000000007 95.500000000000014 109.00000000000001 319.04000000000002 20449.090000000004 163.50000000000003 5.5000000000000009 90.345000000000013 23402.355000000003 9.4500000000000011 52313.740000000005 92.305350000000018 0.94155000000000011 7.0500000000000007 12.500000000000002 9.5000000000000018 94.560000000000016 9.6500000000000004
decision_type=2 10 2 10 8 2 2 2 2 10 8 2 2 10 10 2 10 10 10 2 2 2 10 2
left_child=2 5 6 13 10 9 8 -8 -1 12 -4 -6 19 -3 -12 -10 17 -15 20 -2 -16 -17 -21 -24
right_child=1 3 4 -5 11 -7 7 -9 15 -11 14 -13 -14 16 18 21 -18 -19 -20 22 -22 -23 23 -25
leaf_value=-1.3577221059902631 0.38557782746418023 1.5195539345218494 -0.8610083142896543 2.2561785282598477 -0.056577422065925122 0.93273293008609692 -0.94938216200498771 -0.24446420736053356 -1.099950168078258 0.61979521760908862 -0.0010629556780336888 0.56154109860968393 -0.31619723267442595 1.068156545960705 -0.6943883038587112 -0.4762979460461747 1.2435329142587628 0.58506685787272228 -0.11810956506634075 0.24900378306706741 -0.36159173516989213 -0.84085931041104078 -0.19396804764660439 0.057967318423853352
leaf_weight=23 18 14.999999999999998 20 15.999999999999998 20 22 15.999999999999998 22 24 14.999999999999998 17 19 19 21 28 17 25 15.999999999999998 14.999999999999998 22 26 27 18 21
leaf_count=23 18 15 20 16 20 22 16 22 24 15 17 19 19 21 28 17 25 16 15 22 26 27 18 21
internal_value=0.0169395 0.684751 -0.538775 1.31233 -0.264729 0.25208 -0.846578 -0.542169 -0.97331 0.119196 -0.452258 0.244852 0.0422819 1.11485 -0.356737 -0.842365 1.01577 0.860365 -0.444281 0.128663 -0.534663 -0.700741 0.0525737 -0.0583716
internal_weight=502 228 274 93 145 135 129 38 91 113 106 39 98 77 86 68 62 37 69 79 54 44 61 39
internal_count=502 228 274 93 145 135 129 38 91 113 106 39 98 77 86 68 62 37 69 79 54 44 61 39
is_linear=0
shrinkage=0.03


Tree=53
num_leaves=27
num_cat=0
split_feature=32 32 32 9 32 31 31 32 68 32 38 31 74 72 32 88 46 13 82 31 40 71 22 72 67 32
split_gain=270467 40405.5 35872 12205 9183.95 8564.51 7765.23 4466.68 3894.61 3223.52 3217.81 3042.17 2678.65 2669.24 2324.65 2242.05 1891.52 1616.04 1523.38 1435.78 1405.93 1129.17 828.65 824.531 569.626 548.652
threshold=334.02000000000004 229.54500000000004 477.83000000000004 18.500000000000004 401.37000000000006 161.50000000000003 138.50000000000003 268.62500000000006 102.15000000000002 166.44000000000003 0.82960000000000012 135.50000000000003 89.588950000000025 102.22000000000001 186.75500000000002 289.53500000000008 229.02000000000001 56.45000000000001 -23.503899999999998 160.50000000000003 14328.615000000002 99.670000000000016 6.8500000000000005 93.770000000000024 98.800000000000011 290.38500000000005
decision_type=2 2 2 2 2 2 2 2 8 2 10 2 10 10 2 8 10 2 10 2 8 10 2 10 10 2
left_child=1 6 4 -4 10 8 9 18 11 20 -2 -3 -11 22 -8 -14 -16 -12 -7 -18 -1 25 -6 -13 -19 -9
right_child=2 5 3 -5 13 7 14 21 -10 12 17 23 15 -15 16 -17 19 24 -20 -21 -22 -23 -24 -25 -26 -27
leaf_value=-0.94769714811711603 0.20729659750612073 -0.8172658263018916 2.4516085454985848 1.3188406658172607 1.1488033132478008 -0.37481288301663129 -0.77720459980150103 0.1947697374447673 0.044332955083577728 -0.53184399663185578 0.95885876486234567 -0.16496249194161039 -0.76937504465708484 0.81373769180796962 -0.23556174683713624 -1.2380844760020309 -0.78891865953106732 0.71862090804648138 -0.015408832209025993 -0.41333922003402185 -1.3513377052793212 0.031669258435170843 1.4635067972075504 -0.48029826816530313 0.45703391084047112 0.40525254054079857
leaf_weight=14.999999999999998 14.999999999999998 18 19 15.999999999999998 19 19 26 22 14.999999999999998 22 15.999999999999998 15.000000000000002 25 15.999999999999998 25 14.999999999999998 15.999999999999998 15.000000000000002 24 22 18 20 14.999999999999998 14.999999999999998 15.999999999999998 23
leaf_count=15 15 18 19 16 19 19 26 22 15 22 16 15 25 16 25 15 16 15 24 22 18 20 15 15 16 23
internal_value=0.0164367 -0.431658 1.09836 1.93643 0.835699 -0.0995947 -0.740141 0.0625631 -0.377432 -0.928918 0.590889 -0.509174 -0.799938 1.13834 -0.538212 -0.946505 -0.439018 0.712929 -0.174501 -0.572346 -1.16962 0.219427 1.28963 -0.323217 0.58461 0.302714
internal_weight=502 355 147 35 112 171 184 108 63 95 62 48 62 50 89 40 63 47 43 38 33 65 34 30 31 45
internal_count=502 355 147 35 112 171 184 108 63 95 62 48 62 50 89 40 63 47 43 38 33 65 34 30 31 45
is_linear=0
shrinkage=0.03


Tree=54
num_leaves=28
num_cat=0
split_feature=31 45 31 44 47 5 1 31 31 35 80 31 85 31 39 49 26 74 11 74 43 7 44 72 68 75 69
split_gain=184205 62281.4 22612.5 19183.8 13642.6 11163.6 5401.49 4355.2 4274.45 3698.73 3229.89 4002.76 3047.34 2863.5 2662.48 2342.83 1989.44 1843.88 1749.56 1721.69 1578.77 1417.62 1271.42 1132.67 849.934 463.281 377.219
threshold=174.50000000000003 358.63500000000005 140.50000000000003 57457.521750000007 330.17000000000002 36.500000000000007 108.00000000000001 109.00000000000001 95.500000000000014 0.95845000000000014 -39.689999999999991 193.50000000000003 0.77220000000000011 189.50000000000003 23402.355000000003 340.34215000000006 32.500000000000007 92.384250000000009 65.550000000000011 93.778750000000016 22529.377150000004 456.50000000000006 43848.289800000006 94.185000000000016 101.01500000000001 89.080000000000013 100.24290000000001
decision_type=2 10 2 10 8 2 2 2 2 8 10 2 10 2 10 10 2 10 2 10 10 2 10 10 10 10 10
left_child=2 5 6 10 12 13 8 -8 -1 -6 -3 15 -4 17 -14 -12 23 -2 -15 20 -9 -21 -13 -16 -19 -25 -20
right_child=1 3 4 -5 9 -7 7 19 -10 -11 11 22 14 18 16 -17 -18 24 26 21 -22 -23 -24 25 -26 -27 -28
leaf_value=-0.86995705423957082 -0.37123890341318322 0.61983217582524375 -0.78303899981638725 2.1384796520482716 0.48487910342054302 0.83525254451723174 -1.2576120938512381 -0.73217012532129611 -0.20673169935684019 -0.10368660427433304 0.60727926159184697 1.1442759091003873 -0.01693602059593648 0.49679335239321681 -0.35857174954031651 1.0959587621125648 -0.13992422398005688 -0.091005610424614747 0.0078584303813945509 -0.42468537181714833 -1.1671543071425963 -0.80577406098242521 1.5102979143204227 -0.51835437213149016 0.1964463440524383 -0.7522632183538418 0.20768310099403178
leaf_weight=14.999999999999998 14.999999999999998 15.999999999999998 18 15.999999999999998 22 20 25 15.000000000000002 21 17 17 20 17 14.999999999999998 23 19 15.999999999999998 24 17 14.999999999999998 15.999999999999998 22 17 15.999999999999998 14.999999999999998 15.999999999999998 17
leaf_count=15 15 16 18 16 22 20 25 15 21 17 17 20 17 15 23 19 16 24 17 15 16 22 17 16 15 16 17
internal_value=0.0159473 0.645856 -0.508227 1.18233 -0.251021 0.187584 -0.797114 -0.918001 -0.483941 0.228482 1.00932 1.09418 -0.427481 0.0614644 -0.354333 0.866397 -0.435029 -0.089164 0.227415 -0.79229 -0.958244 -0.652101 1.3143 -0.520645 0.0196244 -0.636347 0.107973
internal_weight=502 228 274 105 145 123 129 93 36 39 89 73 106 103 88 36 71 54 49 68 31 37 37 55 39 32 34
internal_count=502 228 274 105 145 123 129 93 36 39 89 73 106 103 88 36 71 54 49 68 31 37 37 55 39 32 34
is_linear=0
shrinkage=0.03


Tree=55
num_leaves=27
num_cat=0
split_feature=31 45 31 44 42 5 27 29 31 38 42 2 91 80 46 18 80 62 73 80 36 9 35 74 26 88
split_gain=166585 61273.9 24125.6 22188.1 11296.2 10284.9 7734.69 5629.62 4015.02 3613.49 5348.41 3285.48 3120.3 2615.02 2115.44 1751.25 1436.59 1429.97 1426.97 1415.41 1446.38 1166.32 1061.56 852.533 633.938 489.47
threshold=175.50000000000003 342.77500000000003 140.50000000000003 57457.521750000007 28861.050000000007 36.500000000000007 17.500000000000004 15.500000000000002 189.50000000000003 0.86760000000000015 52992.960000000006 5.5000000000000009 280.03000000000003 3.6150000000000007 209.06000000000003 10.350000000000003 -15.194999999999999 1.0000000180025095e-35 86.485000000000014 -14.149999999999997 0.94240000000000013 21.500000000000004 0.83935000000000015 95.803400000000011 26.500000000000004 328.51000000000005
decision_type=2 10 2 10 8 2 2 2 2 10 10 2 8 8 10 2 10 2 10 10 8 2 8 10 2 10
left_child=2 5 6 8 14 11 12 13 -3 -10 -11 19 17 15 -4 21 -9 18 -1 20 -2 -6 -20 -17 -16 -22
right_child=1 3 4 -5 7 -7 -8 16 9 10 -12 -13 -14 -15 24 23 -18 -19 22 -21 25 -23 -24 -25 -26 -27
leaf_value=-0.96990120605289754 -0.17647363283923853 0.66405312363259095 -0.88310934029787858 2.2382216365472027 -0.32413330948073138 0.8916661860380457 -0.37386725999991982 0.053441595629204135 1.5249392104544908 0.67665829151930779 1.3436600676082315 -0.2551529420785249 -1.2411158820708765 0.11358435733826866 -0.33021067945664101 -0.28709421290907744 0.46211971291871823 -1.0570348554896558 -0.81090478681646694 0.34333511737318723 0.075791084730185546 0.021975869273875227 -0.46133213048806287 -0.59924629949754282 -0.60420785030471935 0.29620386538711491
leaf_weight=17 15.999999999999998 25 18 14.999999999999998 17 14.999999999999998 29 15.000000000000002 14.999999999999998 24 20 24 23 18 15.000000000000002 14.999999999999998 15.999999999999998 19 14.999999999999998 23 23 18 17 17 15.999999999999998 14.999999999999998
leaf_count=17 16 25 18 15 17 15 29 15 15 24 20 24 23 18 15 15 16 19 15 23 23 18 17 17 16 15
internal_value=-0.00232312 0.628052 -0.477901 1.17607 -0.242381 0.160026 -0.801493 -0.0809411 0.985168 1.12053 0.981056 0.0509639 -0.937473 -0.207143 -0.624064 -0.293352 0.264825 -0.833911 -0.746374 0.1465 0.062395 -0.146314 -0.626251 -0.453648 -0.472422 0.16311
internal_weight=500 215 285 99 165 116 120 116 84 59 44 101 91 85 49 67 31 68 49 77 54 35 32 32 31 38
internal_count=500 215 285 99 165 116 120 116 84 59 44 101 91 85 49 67 31 68 49 77 54 35 32 32 31 38
is_linear=0
shrinkage=0.03


Tree=56
num_leaves=24
num_cat=0
split_feature=32 32 32 32 31 31 32 70 87 27 72 27 32 31 71 45 32 31 80 45 25 12 35
split_gain=220969 40583.2 36915.8 9221.07 7216.8 6766.22 4071.77 3531.31 3380.95 3115.23 2765.23 2465.23 2057.85 1838.22 1798.95 1602.52 1587.55 1155.05 1127.8 2165.03 765.831 678.661 527.612
threshold=353.58000000000004 229.54500000000004 477.83000000000004 267.77500000000003 168.50000000000003 138.50000000000003 424.19500000000005 88.621600000000015 385.36000000000007 17.500000000000004 92.475000000000009 19.500000000000004 197.07000000000002 164.50000000000003 96.75500000000001 279.39500000000004 312.22000000000008 190.50000000000003 -64.179999999999993 187.99500000000003 8.2500000000000018 77.350000000000009 0.76750000000000007
decision_type=2 2 2 2 2 2 2 10 10 2 10 2 2 2 10 8 2 2 10 10 2 2 8
left_child=1 5 4 10 -2 9 8 -5 -6 15 14 -12 22 -14 20 18 21 -10 -1 -20 -3 -9 -7
right_child=2 3 -4 7 6 12 -8 16 17 -11 11 -13 13 -15 -16 -17 -18 -19 19 -21 -22 -23 -24
leaf_value=-0.67364022324861306 0.20229974785516427 -0.38629810681770793 2.0441854070979644 -0.27636415283545307 1.1134159868973093 -0.81701685147864789 1.2058341794826488 0.027395358327875798 0.41621675241727629 -0.51221310251968699 -0.63234904249271229 -0.22531614766473818 -0.5741791978129499 -0.22325738197979442 0.15859508416363011 -1.2058245939720333 0.4115426606832282 0.75528283742300584 -1.2230662033215296 -0.75171002095139861 -0.087670544285640528 0.24480005856115453 -0.58008045833901567
leaf_weight=17 14.999999999999998 15.000000000000002 28 14.999999999999998 17 15.999999999999998 29 28 17 17 25 29 26 28 15.999999999999998 19 27 20 17 19 15.999999999999998 24 20
leaf_count=17 15 15 28 15 17 16 29 28 17 17 25 29 26 28 16 19 27 20 17 19 16 24 20
internal_value=-0.00225243 -0.368326 1.08405 -0.0688664 0.808809 -0.694435 0.918214 0.144926 0.76275 -0.880057 -0.26783 -0.414196 -0.510472 -0.392622 -0.0993719 -0.966473 0.225061 0.600308 -0.879584 -0.975724 -0.232605 0.127904 -0.686414
internal_weight=500 374 126 195 98 179 83 94 54 89 101 54 90 54 47 72 79 37 53 36 31 52 36
internal_count=500 374 126 195 98 179 83 94 54 89 101 54 90 54 47 72 79 37 53 36 31 52 36
is_linear=0
shrinkage=0.03


Tree=57
num_leaves=25
num_cat=0
split_feature=32 32 32 32 31 31 32 5 87 27 72 32 42 31 45 0 31 32 80 45 68 13 35 38
split_gain=207940 38191.1 34736.9 8677.21 6791.07 6367.61 3830.98 3440.73 3181.69 2931.53 2612 1936.68 1875.22 1729.76 1507.89 1161.6 1086.86 1078.53 1061.24 2037.42 691.202 568.676 496.509 124.094
threshold=353.58000000000004 229.54500000000004 477.83000000000004 267.77500000000003 168.50000000000003 138.50000000000003 424.19500000000005 39.500000000000007 385.36000000000007 17.500000000000004 89.965000000000018 197.07000000000002 23467.515000000003 164.50000000000003 279.39500000000004 5.5000000000000009 190.50000000000003 287.47000000000008 -64.179999999999993 187.99500000000003 101.42000000000002 54.45000000000001 0.76750000000000007 0.89695000000000014
decision_type=2 2 2 2 2 2 2 2 10 2 10 2 10 2 8 2 2 2 10 10 8 2 8 10
left_child=1 5 4 10 -2 9 8 17 -6 14 20 22 15 -13 18 -12 -10 -5 -1 -20 -3 -19 -7 -23
right_child=2 3 -4 7 6 11 -8 -9 16 -11 12 13 -14 -15 -16 -17 -18 21 19 -21 -22 23 -24 -25
leaf_value=-0.6534902852861062 0.19625091507523457 -0.1748482574035074 1.9829691366843361 0.07347555168172254 1.0801114714949711 -0.79258270299323241 1.1697214274644441 -0.25954710793272351 0.40376686810747964 -0.49689177150950053 -0.58819977949080082 -0.55698688367964433 -0.13455656571858593 -0.21657160024591943 -1.1697447926228441 -0.27993547469294955 0.73268084602165695 0.18148213825915518 -1.1864818548387095 -0.72921792458361512 0.10356246703138976 0.45145465755779463 -0.56272145130985085 0.3249639877686864
leaf_weight=17 14.999999999999998 15.999999999999998 28 28 17 15.999999999999998 29 15.999999999999998 17 17 29 26 22 28 19 18 20 20 17 19 15.999999999999998 15.000000000000002 20 14.999999999999998
leaf_count=17 15 16 28 28 17 16 29 16 17 17 29 26 22 28 19 18 20 20 17 19 16 15 20 15
internal_value=-0.00218989 -0.357307 1.0516 -0.0668063 0.784603 -0.673659 0.890732 0.140586 0.739933 -0.853731 -0.259813 -0.495196 -0.36365 -0.380867 -0.937561 -0.470596 0.582348 0.222797 -0.853273 -0.946536 -0.0356517 0.30623 -0.665881 0.388905
internal_weight=500 374 126 195 98 179 83 94 54 89 101 90 69 54 72 47 37 78 53 36 32 50 36 30
internal_count=500 374 126 195 98 179 83 94 54 89 101 90 69 54 72 47 37 78 53 36 32 50 36 30
is_linear=0
shrinkage=0.03


Tree=58
num_leaves=25
num_cat=0
split_feature=32 32 32 32 31 29 31 32 70 87 24 87 72 18 32 32 32 50 80 26 0 0 12 46
split_gain=195678 35940.5 32686.6 8165.66 6390.47 6081.57 3911.83 3604.43 3276.77 2994.18 2640.24 2050.12 1954.49 1510.83 1457.06 1440.89 1380.56 1281.58 1063.16 1052.91 960.315 674.343 608.269 400.688
threshold=353.58000000000004 229.54500000000004 477.83000000000004 267.77500000000003 168.50000000000003 9.5000000000000018 134.50000000000003 424.19500000000005 88.621600000000015 385.36000000000007 5.1500000000000012 301.22000000000008 89.965000000000018 10.350000000000003 173.96500000000003 312.22000000000008 191.84 303.40210000000008 -17.404999999999998 12.500000000000002 34.500000000000007 7.5000000000000009 77.350000000000009 265.93500000000006
decision_type=2 2 2 2 2 2 2 2 10 10 2 8 10 2 2 2 2 10 10 2 2 2 2 10
left_child=1 5 4 10 -2 6 11 9 -5 -6 -3 19 -12 23 -8 22 -7 -16 -11 -1 -21 -18 -10 -14
right_child=2 3 -4 8 7 16 14 -9 15 18 12 -13 13 -15 17 -17 21 -19 -20 20 -22 -23 -24 -25
leaf_value=-1.0292417476333191 0.19038294749204501 -0.61878426849644041 1.9235860831724769 -0.26943624279427764 1.0478031458253385 -0.60249763919665555 -0.81504662461168187 1.1346901805306466 0.02585769491399673 0.3679517375115936 0.018056196911449735 -1.220350884299412 -0.031999177764420482 -0.45095869403229177 -0.37256870417671406 0.3912349829523929 -0.38617302572971907 -0.69860395914960094 0.6980169091257109 -0.87159367238442731 -0.5456932133456005 -0.11433900864324836 0.23168241272845036 -0.24791137182823961
leaf_weight=15.999999999999998 14.999999999999998 14.999999999999998 28 14.999999999999998 17 14.999999999999998 19 29 28 14.999999999999998 28 15.999999999999998 15.000000000000002 27 28 27 17 18 22 19 14.999999999999998 15.999999999999998 24 15.999999999999998
leaf_count=16 15 15 28 15 17 15 19 29 28 15 28 16 15 27 28 27 17 18 22 19 15 16 24 16
internal_value=-0.00212768 -0.346616 1.02012 -0.0648042 0.761122 -0.653504 -0.759393 0.864073 0.136381 0.717798 -0.252036 -0.922438 -0.187728 -0.287028 -0.593236 0.213576 -0.363995 -0.5008 0.564924 -0.825951 -0.728871 -0.254792 0.121014 -0.143706
internal_weight=500 374 126 195 98 179 131 83 94 54 101 66 86 58 65 79 48 46 37 50 34 33 52 31
internal_count=500 374 126 195 98 179 131 83 94 54 101 66 86 58 65 79 48 46 37 50 34 33 52 31
is_linear=0
shrinkage=0.03


Tree=59
num_leaves=27
num_cat=0
split_feature=32 32 32 32 32 29 87 31 31 5 24 32 87 0 32 42 32 50 27 32 0 74 56 69 46 20
split_gain=184140 33822.4 30770.4 8389.33 7684.18 5722.96 5003.49 5268.56 3681.5 3150.96 2484.76 2175.14 1929.26 1487.42 1371.14 1317.35 1299.21 1206.08 1109.77 988.089 774.231 751.794 697.861 667.729 660.503 199.522
threshold=353.58000000000004 229.54500000000004 502.44500000000005 440.81500000000005 267.77500000000003 9.5000000000000018 369.43000000000006 174.50000000000003 134.50000000000003 39.500000000000007 5.1500000000000012 391.86000000000007 301.22000000000008 11.500000000000002 173.96500000000003 23467.515000000003 191.84 303.40210000000008 8.5000000000000018 287.47000000000008 34.500000000000007 95.709650000000025 1.0000000180025095e-35 95.988550000000018 229.02000000000001 12.500000000000002
decision_type=2 2 2 2 2 2 10 2 2 2 2 2 8 2 2 10 2 10 2 2 2 10 2 10 8 2
left_child=1 5 3 6 10 8 -2 -8 12 19 -3 -9 18 15 -10 23 -7 -16 -1 -6 -20 -17 25 -12 -18 -21
right_child=2 4 -4 -5 9 16 7 11 14 -11 13 -13 -14 -15 17 21 24 -19 20 22 -22 -23 -24 -25 -26 -27
leaf_value=-0.98376352610550533 1.1515185559548413 -0.60028240092965046 2.1754588698222137 1.2741172513577395 0.06805063984610818 -0.58448276288485601 0.087665959575658675 0.47093210797731561 -0.79065940766822629 -0.25061244966827817 -0.47430713877825154 0.8687724453569895 -1.1838544088212128 0.078584600687026981 -0.36141156303691352 -0.25406215411087996 -0.10819033497961882 -0.67770389921447249 -0.83437069188768598 0.29261944457764766 -0.52937679590180853 0.036913066072460483 0.11894806649597775 -0.22013870451806924 -0.37719093395468073 0.43877040114920157
leaf_weight=19 14.999999999999998 14.999999999999998 17 26 28 14.999999999999998 17 22 19 15.999999999999998 21 29 15.999999999999998 15.999999999999998 28 14.999999999999998 15.999999999999998 18 16.000000000000004 18 14.999999999999998 17 14.999999999999998 17 17 17
leaf_count=19 15 15 17 26 28 15 17 22 19 16 21 29 16 16 28 15 16 18 16 18 15 17 15 17 17 17
internal_value=-0.00207095 -0.336249 0.989582 0.803702 -0.0628674 -0.633957 0.655647 0.545475 -0.736677 0.132296 -0.244495 0.697814 -0.89485 -0.182109 -0.575484 -0.241732 -0.353112 -0.485812 -0.801248 0.210971 -0.687931 -0.0996183 0.290829 -0.361078 -0.247173 0.364175
internal_weight=500 374 126 109 195 179 83 68 131 94 101 51 66 86 65 70 48 46 50 78 31 32 50 38 33 35
internal_count=500 374 126 109 195 179 83 68 131 94 101 51 66 86 65 70 48 46 50 78 31 32 50 38 33 35
is_linear=0
shrinkage=0.03


Tree=60
num_leaves=28
num_cat=0
split_feature=32 32 32 24 32 5 31 32 32 70 68 31 13 91 75 18 72 82 87 31 0 74 77 32 32 69 78
split_gain=185905 29406.2 26575.3 14693 7858 6382.94 5690.75 4365.57 3082.97 2913.71 2167.67 1972.53 1871.21 1813.94 1721.75 1647.13 1432.48 1298.86 1244.33 1188.61 1175.98 978.748 954.656 768.241 545.998 485.835 246.497
threshold=334.02000000000004 477.83000000000004 244.09000000000003 6.8500000000000005 184.10500000000005 38.500000000000007 167.50000000000003 283.26500000000004 401.37000000000006 90.700000000000017 109.47000000000001 134.50000000000003 56.45000000000001 205.59500000000003 88.345000000000013 15.350000000000003 75.790000000000006 -15.711249999999998 292.44500000000005 194.50000000000003 7.5000000000000009 95.902500000000018 88.074250000000021 222.24500000000003 212.46000000000001 96.199300000000008 92.08890000000001
decision_type=2 2 2 2 2 2 2 2 2 8 8 2 2 10 10 2 10 8 10 2 2 10 10 2 2 10 10
left_child=2 6 4 -3 15 7 -2 13 14 11 20 -6 -10 -4 -8 16 -1 -16 -15 -14 23 -20 -18 -11 -22 -9 -25
right_child=1 3 5 -5 9 -7 8 25 12 10 -12 -13 19 18 17 -17 22 -19 21 -21 24 -23 -24 26 -26 -27 -28
leaf_value=-0.52118220750644917 0.11548207002620761 1.0893879889649367 0.16671904949848251 2.3656657270260428 -0.83448593408580451 -0.46423165339654782 0.83653280901419447 0.16038327484951351 1.1180802004029149 -0.66382072472506271 -0.039902029415029933 -0.45114230028727226 0.55702500618969464 -0.3746004577170583 0.27467740508817856 -1.0851370672186798 -0.7211393962668724 0.6252282404737407 -0.24011945255571024 0.939364480560404 -0.39672657945638523 0.10202636804295537 -1.0379688513873027 -0.32517546805333447 -0.15550652667574169 0.35477327308871526 -0.50062051736635227
leaf_weight=18 14.999999999999998 18 17 14.999999999999998 23 26 17 20 22 18 17 26 15.000000000000002 20 17 17 22 22 15.000000000000002 14.999999999999998 17 14.999999999999998 14.999999999999998 15.000000000000002 17 28 14.999999999999998
leaf_count=18 15 18 17 15 23 26 17 20 22 18 17 26 15 20 17 17 22 22 15 15 17 15 15 15 17 28 15
internal_value=0.0122031 0.877433 -0.361757 1.67226 -0.567786 -0.040196 0.663582 0.05582 0.739604 -0.442443 -0.348446 -0.631777 0.906385 -0.100596 0.58404 -0.824927 -0.743558 0.47301 -0.191589 0.74949 -0.412331 -0.0691115 -0.850852 -0.508079 -0.276566 0.27406 -0.413635
internal_weight=517 156 361 33 220 141 123 115 108 148 99 49 52 67 56 72 55 39 50 30 82 30 37 48 34 48 30
internal_count=517 156 361 33 220 141 123 115 108 148 99 49 52 67 56 72 55 39 50 30 82 30 37 48 34 48 30
is_linear=0
shrinkage=0.03


Tree=61
num_leaves=27
num_cat=0
split_feature=32 32 32 24 32 5 31 32 33 32 68 13 91 18 67 0 31 31 31 5 31 27 37 37 69 40
split_gain=174949 27674 25009.2 13827.7 7394.96 6006.41 5355.27 4108.12 3203.92 2901.23 2344.74 1760.52 1707.04 1550.01 1420.9 1267.32 1845.02 1189.69 1179.77 1667.55 1118.52 1102.33 1062.43 627.895 457.13 410.39
threshold=334.02000000000004 477.83000000000004 244.09000000000003 6.8500000000000005 184.10500000000005 38.500000000000007 167.50000000000003 283.26500000000004 0.61460000000000015 401.37000000000006 109.47000000000001 56.45000000000001 205.59500000000003 15.350000000000003 94.195000000000007 43.500000000000007 142.50000000000003 170.50000000000003 179.50000000000003 16.500000000000004 194.50000000000003 21.500000000000004 0.79175000000000006 0.85775000000000012 96.199300000000008 28929.265000000003
decision_type=2 2 2 2 2 2 2 2 10 2 8 2 10 2 10 2 2 2 2 2 2 2 10 10 10 10
left_child=2 6 4 -3 13 7 -2 12 -6 14 17 -11 -4 15 -8 16 -1 22 19 -14 -13 -16 -10 -24 -9 -25
right_child=1 3 5 -5 8 -7 9 24 10 11 -12 20 18 -15 21 -17 -18 -19 -20 -21 -22 -23 23 25 -26 -27
leaf_value=-1.0044903606133904 0.11202911806264984 1.056796876664307 0.16173214617362819 2.2949315445605305 -0.81660344018964115 -0.45033142913554769 0.80618137638702558 0.15558377507618834 -0.28849124662763848 1.0846138561015228 -0.087811378334027287 0.54036977875668324 -0.080421501996113184 -1.0526783876614836 0.67336725973211642 -0.48304998625552531 -0.59270304462102452 -0.26831737525081467 -0.0072263278152579968 -0.52783431126033731 0.91127716431982086 0.34649343156529044 -0.70263835695641841 -0.39107806528549011 0.34414904720483613 -0.57575002087376959
leaf_weight=21 14.999999999999998 18 17 14.999999999999998 17 26 15.999999999999998 20 18 22 21 15.000000000000002 15.000000000000002 17 14.999999999999998 14.999999999999998 19 29 20 14.999999999999998 14.999999999999998 25 18 21 28 24
leaf_count=21 15 18 17 15 17 26 16 20 18 22 21 15 15 17 15 15 19 29 20 15 15 25 18 21 28 24
internal_value=0.0118393 0.851189 -0.350935 1.62225 -0.5508 -0.0389926 0.643731 0.054148 -0.429206 0.717479 -0.37863 0.87927 -0.0975855 -0.800251 0.566566 -0.721315 -0.809913 -0.434071 -0.185857 -0.304684 0.727081 0.469796 -0.493194 -0.551382 0.265855 -0.490133
internal_weight=517 156 361 33 220 141 123 115 148 108 131 52 67 72 56 55 40 110 50 30 30 40 81 63 48 45
internal_count=517 156 361 33 220 141 123 115 148 108 131 52 67 72 56 55 40 110 50 30 30 40 81 63 48 45
is_linear=0
shrinkage=0.03


Tree=62
num_leaves=28
num_cat=0
split_feature=32 32 32 24 32 46 32 32 33 11 68 91 82 7 33 0 72 36 26 67 29 50 40 82 26 87 69
split_gain=164640 26043.7 23534.9 13013.4 6959.17 5031.94 4527.31 3486.92 3015.15 2694.51 2206.47 1724.39 1944.02 1862.77 1532.49 1504.03 1389.84 1822.7 1110.79 1021.93 944.407 938.902 1073.09 573.949 539.811 394.139 358.063
threshold=334.02000000000004 477.83000000000004 244.09000000000003 6.8500000000000005 184.10500000000005 406.81000000000006 401.37000000000006 283.26500000000004 0.61460000000000015 61.550000000000004 109.47000000000001 343.49500000000006 -12.921999999999999 514.00000000000011 0.9094000000000001 32.500000000000007 89.965000000000018 0.93650000000000011 30.500000000000004 94.910000000000011 10.500000000000002 337.0514500000001 31868.020000000004 -13.486399999999998 16.500000000000004 269.62000000000006 96.199300000000008
decision_type=2 2 2 2 2 10 2 2 10 2 8 10 10 2 8 2 10 8 2 10 2 10 10 10 2 10 10
left_child=2 6 4 -3 14 7 11 16 -6 -8 18 -2 13 -13 15 24 -4 -18 21 -11 -9 22 23 -10 -1 -20 -22
right_child=1 3 5 -5 8 -7 9 20 10 19 -12 12 -14 -15 -16 -17 17 -19 25 -21 26 -23 -24 -25 -26 -27 -28
leaf_value=-0.93177369946631305 0.7017315469157992 1.0251807883043369 0.044881700148065411 2.2263123215076535 -0.79217716835111451 -0.55629803118911691 1.0896146849498614 0.017257298165304132 -0.4122261961780318 0.46748195663243031 -0.085183292431955951 0.0074690372922902931 0.63697812793262765 0.4658537013031715 -1.0092564383078748 -0.4463211896486371 0.026876425876795687 -0.37977609418404079 -0.16008508346405537 0.7922695861543928 0.17125764588580969 -0.68125859459124694 -0.23214700128233001 -0.63917354419951289 -0.69282270093994858 -0.3693246347620216 0.36082845349891063
leaf_weight=15.999999999999998 18 18 29 14.999999999999998 17 14.999999999999998 21 17 24 14.999999999999998 21 17 14.999999999999998 14.999999999999998 19 15.999999999999998 15.999999999999998 26 14.999999999999998 22 14.999999999999998 17 18 18 21 18 23
leaf_count=16 18 18 29 15 17 15 21 17 24 15 21 17 15 15 19 16 16 26 15 22 15 17 18 18 21 18 23
internal_value=0.0114871 0.825731 -0.340436 1.57374 -0.534321 -0.0378271 0.624476 0.0240799 -0.416364 0.817305 -0.367299 0.451894 0.355536 0.222775 -0.776311 -0.691901 -0.114778 -0.224977 -0.421081 0.661448 0.203302 -0.483599 -0.42705 -0.510169 -0.797311 -0.274647 0.286361
internal_weight=517 156 361 33 220 141 123 126 148 58 131 65 47 32 72 53 71 42 110 37 55 77 60 42 37 33 38
internal_count=517 156 361 33 220 141 123 126 148 58 131 65 47 32 72 53 71 42 110 37 55 77 60 42 37 33 38
is_linear=0
shrinkage=0.03


Tree=63
num_leaves=26
num_cat=0
split_feature=32 32 32 33 32 31 5 32 33 32 68 12 75 33 0 37 72 31 31 75 37 33 37 37 40
split_gain=154938 24519.7 22155.9 8385.95 6407.01 5078.89 5078.24 3886.72 3325.62 2876.54 2072.51 1643.67 1543.12 1442.03 1415.29 1381.97 1229.14 1135.59 1093.3 1036.19 1014.72 942.317 583.736 409.732 384.747
threshold=334.02000000000004 486.30500000000001 240.10500000000005 0.9366000000000001 184.10500000000005 167.50000000000003 38.500000000000007 283.26500000000004 0.61460000000000015 401.37000000000006 109.47000000000001 67.750000000000014 88.345000000000013 0.9094000000000001 32.500000000000007 0.89960000000000007 98.00500000000001 142.50000000000003 170.50000000000003 96.825000000000003 0.79175000000000006 0.74115000000000009 0.85775000000000012 0.92590000000000006 28929.265000000003
decision_type=2 2 2 10 2 2 2 2 10 2 8 2 10 8 2 10 10 2 2 10 10 10 10 10 10
left_child=2 5 4 -3 13 -2 7 15 -6 12 18 -11 -7 14 17 21 -13 -1 20 -14 -10 -4 -22 -9 -24
right_child=1 3 6 -5 8 9 -8 23 10 11 -12 16 19 -15 -16 -17 -18 -19 -20 -21 22 -23 24 -25 -26
leaf_value=-0.9278238779767195 0.098427975419351818 2.0737404329673788 -0.021845009865299345 1.0638016653853002 -0.81427878834376821 0.77365195456138447 -0.41216188256269015 0.16278624903395181 -0.2518675025601253 1.0689850742610421 -0.082633867331751723 0.91716710153027103 0.23270753059078292 -0.97905820441058289 -0.43297326689568633 0.083418670305343279 0.56045573321363873 -0.5895769716567657 -0.25031097785946421 0.55188745219593482 -0.66661137800137416 -0.30507099438478597 -0.36599881853173855 0.3388272780787176 -0.54466104392450221
leaf_weight=20 14.999999999999998 15.000000000000002 17 14.999999999999998 15.999999999999998 17 27 24 15.999999999999998 19 21 15.999999999999998 14.999999999999998 19 15.999999999999998 24 20 17 29 24 18 28 21 24 24
leaf_count=20 15 15 17 15 16 17 27 24 16 19 21 16 15 19 16 24 20 17 29 24 18 28 21 24 24
internal_value=0.0111443 0.801032 -0.330252 1.57143 -0.521671 0.617042 -0.0417019 0.0439156 -0.406531 0.687035 -0.35565 0.841505 0.534682 -0.753087 -0.671204 -0.100268 0.720088 -0.773459 -0.40866 0.42962 -0.466574 -0.198251 -0.520836 0.251099 -0.461817
internal_weight=517 156 361 30 217 126 144 117 145 111 129 55 56 72 53 69 36 37 108 39 79 45 63 48 45
internal_count=517 156 361 30 217 126 144 117 145 111 129 55 56 72 53 69 36 37 108 39 79 45 63 48 45
is_linear=0
shrinkage=0.03


Tree=64
num_leaves=28
num_cat=0
split_feature=32 32 32 24 32 5 32 32 33 11 68 91 91 69 18 87 24 26 43 74 50 40 74 82 69 87 38
split_gain=145807 23076.3 20850.2 11924.2 6029.39 4778.68 4060.65 3657.49 3129.73 2419.47 1950.29 1625.52 1581.94 1812.06 1393.26 1212.37 1138.94 1043.11 994.695 941.88 871.577 1018.55 867.094 583.497 390.667 342.994 206.059
threshold=334.02000000000004 477.83000000000004 240.10500000000005 6.8500000000000005 184.10500000000005 38.500000000000007 401.37000000000006 283.26500000000004 0.61460000000000015 61.550000000000004 109.47000000000001 205.59500000000003 343.49500000000006 91.728600000000014 15.350000000000003 292.44500000000005 6.6500000000000012 30.500000000000004 41450.200000000004 96.253900000000016 337.0514500000001 31868.020000000004 95.902500000000018 -13.692499999999999 95.792150000000007 269.99000000000007 0.9103500000000001
decision_type=2 2 2 2 2 2 2 2 10 2 8 10 10 10 2 10 2 2 10 10 10 10 10 8 10 10 10
left_child=2 6 4 -3 14 7 12 11 -6 -8 17 -4 -2 -14 16 -13 -1 20 -15 -11 21 23 -17 -10 -9 -19 -26
right_child=1 3 5 -5 8 -7 9 24 10 19 -12 15 13 18 -16 22 -18 25 -20 -21 -22 -23 -24 -25 26 -27 -28
leaf_value=-0.51470276453578756 0.66346171813046972 0.95620574560191818 0.1570292155274198 2.1057816525075914 -0.78992652839589339 -0.39981988330425039 1.0282759444900478 0.13240501062444041 -0.38738687091954283 0.80693102661557359 -0.080160740650747839 -0.34940689138814701 0.059442650107450257 0.61647125009217918 -0.96970761296336594 -0.21718065392535385 -0.79063964065861569 -0.14651375076699494 0.27960503512640722 0.49525604203039275 -0.64706092827546458 -0.21260807093490852 0.10485064158011909 -0.61967092083346453 0.38903856004591381 -0.34427001754559372 0.22964802420416544
leaf_weight=27 18 18 17 14.999999999999998 15.999999999999998 27 21 18 24 14.999999999999998 21 22 14.999999999999998 17 17 15.000000000000002 28 14.999999999999998 14.999999999999998 22 17 18 14.999999999999998 17 15.000000000000002 17 14.999999999999998
leaf_count=27 18 18 17 15 16 27 21 18 24 15 21 22 15 17 17 15 28 15 15 22 17 18 15 17 15 17 15
internal_value=0.0108134 0.777074 -0.320371 1.48118 -0.506064 -0.0404521 0.58763 0.0426015 -0.394368 0.770248 -0.345008 -0.0972649 0.424189 0.331913 -0.730557 -0.180499 -0.655797 -0.396431 0.459295 0.62257 -0.457022 -0.401738 -0.0562085 -0.484374 0.243583 -0.251992 0.309908
internal_weight=517 156 361 33 217 144 123 117 145 58 129 69 65 47 72 52 55 108 32 37 76 59 30 41 48 32 30
internal_count=517 156 361 33 217 144 123 117 145 58 129 69 65 47 72 52 55 108 32 37 76 59 30 41 48 32 30
is_linear=0
shrinkage=0.03


Tree=65
num_leaves=26
num_cat=0
split_feature=32 32 32 24 31 31 31 33 88 25 32 49 21 33 76 46 87 22 85 33 86 28 85 32 80
split_gain=126653 19180.4 15184 5140.58 4473.53 3991.58 3347.24 2500.04 2425.01 2317.68 2067.81 1937.32 2396.82 1770.01 1662.69 1551.21 1411.16 1364.34 1196.19 1043.1 909.032 739.983 615.833 610.542 608.189
threshold=307.10500000000008 432.61500000000007 238.75000000000003 7.0500000000000007 154.50000000000003 167.50000000000003 179.50000000000003 0.97815000000000019 257.71000000000009 9.1500000000000004 353.58000000000004 189.48215000000002 7.7500000000000009 0.74395000000000011 86.735000000000014 249.16500000000002 385.36000000000007 7.2500000000000009 0.86185000000000012 0.97210000000000008 0.74210000000000009 21.500000000000004 0.91155000000000019 271.26000000000005 -25.684999999999995
decision_type=2 2 2 2 2 2 2 10 10 2 2 10 2 10 10 10 10 2 10 10 10 2 10 2 10
left_child=2 5 4 7 9 -2 8 -3 -4 11 21 -1 15 -10 -6 20 -12 -15 -14 22 -13 -7 -18 -8 -16
right_child=1 3 6 -5 14 10 23 -9 13 -11 16 12 18 17 24 -17 19 -19 -20 -21 -22 -23 -24 -25 -26
leaf_value=-0.27954406598401466 0.050178462029069733 0.70339490169041075 0.072297216696297475 1.5690233234392843 -0.4886827254167852 0.15129972217486937 -0.015511471004936637 1.1601437908906551 -0.069766174498505473 -0.87854119378693252 0.82900520895326557 -0.6939396157665787 -0.21422405320544574 -0.26608293215339368 -0.080839664530591895 -0.52830695272341466 0.54023921135430009 -0.63483037716874446 -0.54538433370409656 0.70490588961939304 -1.0160399029191989 0.44533238246062085 0.27079245399003005 0.20309411985636167 -0.29947146409266701
leaf_weight=21 21 23 21 14.999999999999998 28 15.000000000000002 19 21 19 22 18 15.999999999999998 14.999999999999998 21 22 21 16.000000000000004 15.999999999999998 29 17 17 15.999999999999998 14.999999999999998 29 24
leaf_count=21 21 23 21 15 28 15 19 21 19 22 18 16 15 21 22 21 16 16 29 17 17 16 15 29 24
internal_value=-0.00412936 0.646546 -0.342913 1.08808 -0.495753 0.425399 -0.079923 0.922492 -0.20245 -0.594929 0.506549 -0.542137 -0.598221 -0.305479 -0.306487 -0.732379 0.601559 -0.426223 -0.432894 0.515461 -0.861202 0.30358 0.410556 0.116605 -0.195142
internal_weight=517 177 340 59 215 118 125 44 77 141 97 119 98 56 74 54 66 37 44 48 33 31 31 48 46
internal_count=517 177 340 59 215 118 125 44 77 141 97 119 98 56 74 54 66 37 44 48 33 31 31 48 46
is_linear=0
shrinkage=0.03


Tree=66
num_leaves=27
num_cat=0
split_feature=32 32 31 32 24 0 31 33 32 31 32 25 72 87 81 35 75 11 23 28 39 39 35 22 74 32
split_gain=119189 18049.5 14303.1 5252.41 4838.09 4269.03 3756.39 2352.59 2092.89 2021.27 1945.89 1848.75 1408.93 1327.88 1279.66 1957.32 1003.98 952.775 830.638 696.35 674.599 673.403 640.544 795.279 552.546 120.145
threshold=307.10500000000008 432.61500000000007 172.50000000000003 213.23500000000004 7.0500000000000007 13.500000000000002 167.50000000000003 0.97815000000000019 251.47500000000002 126.50000000000001 353.58000000000004 9.1500000000000004 93.015000000000015 385.36000000000007 -15.159299999999998 0.92000000000000004 96.02500000000002 34.95000000000001 6.2500000000000009 21.500000000000004 38294.80000000001 17155.135000000006 0.84205000000000008 7.3500000000000005 95.648400000000024 275.60500000000008
decision_type=2 2 2 2 2 2 2 10 2 2 2 2 10 10 10 8 10 2 2 2 10 10 10 2 10 2
left_child=2 6 3 11 7 9 -2 -3 24 -5 19 14 18 -12 15 21 -15 -17 -11 -8 25 -1 -14 -24 -4 -10
right_child=1 4 8 5 -6 -7 10 -9 20 12 13 -13 22 16 -16 17 -18 -19 -20 -21 -22 -23 23 -25 -26 -27
leaf_value=-0.73384396035862598 0.048676683645067199 0.68233883152944153 -0.26845023976114696 -0.71235967653934085 1.5221090257207419 0.03500890617242116 0.14677581280568902 1.1254221730900491 0.12895006680409377 -0.050808847602948411 0.80420393777355914 -0.84970386463219649 -0.61625283206420078 0.36700710880096082 -0.7955771586269238 -0.17556785759963389 0.64347980523057713 -0.49042778273609189 -0.33616254714956301 0.43201402851354292 -0.023872912432871707 -0.51130159163857525 -0.22698162417545492 -0.53227443923189788 -0.03795305966390327 0.24654350676145018
leaf_weight=23 21 23 25 15.999999999999998 14.999999999999998 25 15.000000000000002 21 14.999999999999998 17 18 21 14.999999999999998 25 14.999999999999998 19 23 15.999999999999998 20 15.999999999999998 22 28 16.000000000000004 14.999999999999998 14.999999999999998 17
leaf_count=23 21 23 25 16 15 25 15 21 15 17 18 21 15 25 15 19 23 16 20 16 22 28 16 15 15 17
internal_value=-0.00400356 0.627206 -0.332652 -0.452912 1.05553 -0.315172 0.412677 0.894882 -0.0178416 -0.40359 0.491401 -0.59271 -0.343657 0.583567 -0.538867 -0.493638 0.500047 -0.320041 -0.20534 0.294502 0.103938 -0.612314 -0.454536 -0.375372 -0.182207 0.191756
internal_weight=517 177 340 246 59 124 118 44 94 99 97 122 83 66 101 86 48 35 37 31 54 51 46 31 40 32
internal_count=517 177 340 246 59 124 118 44 94 99 97 122 83 66 101 86 48 35 37 31 54 51 46 31 40 32
is_linear=0
shrinkage=0.03


Tree=67
num_leaves=27
num_cat=0
split_feature=32 32 32 2 31 31 45 32 26 0 31 32 76 91 40 87 20 18 76 31 45 36 85 78 18 81
split_gain=112164 16985.6 13501.7 4573.91 4016.88 3534.93 3273.95 2436.92 1961.33 2561.72 1843.62 1831.01 1513.81 1476.66 1464.75 1249.63 960.258 958.138 834.018 814.328 792.082 767.214 593.123 402.817 313.936 224.659
threshold=307.10500000000008 432.61500000000007 238.75000000000003 4.5000000000000009 154.50000000000003 167.50000000000003 328.42500000000001 264.34500000000008 11.500000000000002 33.500000000000007 117.50000000000001 353.58000000000004 86.735000000000014 205.59500000000003 47774.530000000006 385.36000000000007 14.500000000000002 9.4500000000000011 82.540000000000006 170.50000000000003 319.47000000000008 0.70730000000000015 0.83555000000000013 87.77715000000002 9.6500000000000004 -12.386449999999998
decision_type=2 2 2 2 2 2 10 2 2 2 2 2 10 10 10 10 2 2 10 2 10 10 10 10 2 10
left_child=2 5 4 14 8 -2 7 13 -1 10 -10 20 -6 -4 -3 -13 -17 -12 -9 -15 -7 -14 -19 -11 -20 -24
right_child=1 3 6 -5 12 11 -8 18 9 23 17 15 21 19 -16 16 -18 22 24 -21 -22 -23 25 -25 -26 -27
leaf_value=-0.8085588909632947 0.047219849952326254 1.0258584587596287 0.08760537914516639 1.3553263188856541 -0.46132370397518258 0.43230309799174266 -0.43680215869362893 -0.044454955405175085 -0.86758502637910717 -0.18224598685317725 -0.69158969552952998 0.78014465902650776 -0.32708288191341034 -0.36129239742254227 0.63619495617183952 0.33143583243363256 0.60368787621173758 -0.28840399681927747 0.13460957160410458 -0.082258993075272749 0.12830037364135943 -0.078148703116806509 -0.60558915603992547 -0.39306468531350108 0.31511744759299537 -0.43564392330638574
leaf_weight=24 21 15.999999999999998 17 23 28 16.000000000000004 19 14.999999999999998 18 17 21 18 19 23 20 21 27 14.999999999999998 18 15.999999999999998 14.999999999999998 27 14.999999999999998 15.999999999999998 17 15.000000000000002
leaf_count=24 21 16 17 23 28 16 19 15 18 17 21 18 19 23 20 21 27 15 18 16 15 27 15 16 17 15
internal_value=-0.00388415 0.608441 -0.3227 1.02395 -0.466825 0.40033 -0.0747065 -0.00961308 -0.560803 -0.509645 -0.597679 0.476697 -0.287481 -0.145484 0.810603 0.566103 0.485078 -0.523444 0.142526 -0.247107 0.285697 -0.181245 -0.444263 -0.284947 0.222652 -0.521533
internal_weight=517 177 340 59 215 118 125 106 141 117 84 97 74 56 36 66 48 66 50 39 31 46 45 33 35 30
internal_count=517 177 340 59 215 118 125 106 141 117 84 97 74 56 36 66 48 66 50 39 31 46 45 33 35 30
is_linear=0
shrinkage=0.03


Tree=68
num_leaves=28
num_cat=0
split_feature=32 32 31 31 32 82 0 31 25 76 32 31 35 77 49 75 75 24 32 43 24 10 70 75 74 23 25
split_gain=105552 16028.6 12767.2 7146.24 4729.54 3807.85 3509.49 3231.93 2243.65 1975.51 1870.62 1681.36 1457.65 2055.12 1329.87 1240.18 1450.48 1228.85 811.67 809.894 794.103 834.176 622.833 554.176 513.751 494.549 430.424
threshold=307.10500000000008 406.06500000000005 172.50000000000003 202.50000000000003 210.85000000000002 -10.151949999999998 8.5000000000000018 166.50000000000003 9.1500000000000004 89.615000000000009 251.47500000000002 180.50000000000003 0.94370000000000009 87.262850000000014 280.05925000000008 87.265000000000015 95.885000000000005 5.9500000000000011 367.50500000000005 36636.528600000012 6.9500000000000011 15.500000000000002 93.20695000000002 87.870000000000019 95.648400000000024 6.2500000000000009 8.4500000000000011
decision_type=2 2 2 2 2 10 2 2 2 8 2 2 8 8 10 10 10 2 2 10 2 10 10 10 10 2 2
left_child=2 7 4 11 8 6 14 -2 12 -8 24 -3 20 -14 -6 -9 -17 -13 -18 -7 21 -1 -16 -12 -4 -25 -19
right_child=1 3 10 -5 5 19 9 15 -10 -11 23 17 13 -15 22 16 18 26 -20 -21 -22 -23 -24 25 -26 -27 -28
leaf_value=-0.82233103534368079 -0.04225532671573224 0.49958846916662192 -0.25416863583519073 1.4977925890545511 -0.55379805200317889 -0.70881756524059258 -0.16442980627375323 0.61124574842475654 -0.86467680923582058 0.28734848507096833 0.2152449642882055 0.6579247032704445 -0.58758132983590949 -0.11370292377961345 -0.11206414878203268 0.17322610552846351 0.32307026769408725 1.0955624371905657 0.61829337268281193 -0.43282084973272444 -0.46890836292409638 -0.52861091292149154 -0.36206715303775011 0.13033215501790871 -0.031928765619315971 -0.10562255175010707 0.8543263296589898
leaf_weight=19 17 15.999999999999998 25 14.999999999999998 18 15.999999999999998 19 21 19 15.999999999999998 22 18 15.999999999999998 17 18 26 17 15.000000000000002 17 25 28 17 18 17 14.999999999999998 14.999999999999998 14.999999999999998
leaf_count=19 17 16 25 15 18 16 19 21 19 16 22 18 16 17 18 26 17 15 17 25 28 17 18 17 15 15 15
internal_value=-0.00376834 0.590235 -0.313045 0.908128 -0.426664 -0.302186 -0.191775 0.333626 -0.565963 0.0421699 -0.0156168 0.768841 -0.507021 -0.344049 -0.343333 0.412511 0.342478 0.857947 0.471417 -0.541296 -0.590696 -0.684597 -0.237436 0.0995133 -0.17101 0.0196894 0.976617
internal_weight=517 177 340 79 246 130 89 98 116 35 94 64 97 33 54 81 60 48 34 41 64 36 36 54 40 32 30
internal_count=517 177 340 79 246 130 89 98 116 35 94 64 97 33 54 81 60 48 34 41 64 36 36 54 40 32 30
is_linear=0
shrinkage=0.03


Tree=69
num_leaves=28
num_cat=0
split_feature=32 32 32 24 31 31 45 32 33 25 49 26 32 35 91 91 36 32 18 23 85 48 76 45 72 91 38
split_gain=99332.2 15140.6 12053.2 4457.9 3608.9 3133.26 3026.36 2163.69 2071.68 1843.15 1680.42 1785.34 1655.05 1408.95 1322.7 1163.06 1159.28 1060.37 1392.39 997.855 866.24 768.463 767.753 737.601 576.51 561.142 282.965
threshold=307.10500000000008 432.61500000000007 238.75000000000003 7.0500000000000007 154.50000000000003 167.50000000000003 328.42500000000001 264.34500000000008 0.97815000000000019 9.1500000000000004 189.48215000000002 11.500000000000002 353.58000000000004 0.83865000000000001 205.59500000000003 358.13500000000005 0.94500000000000017 184.10500000000005 9.8500000000000032 5.7000000000000002 0.87000000000000011 304.77500000000003 84.625000000000014 319.47000000000008 93.265000000000015 196.91500000000005 0.89770000000000005
decision_type=2 2 2 2 2 2 10 2 10 2 10 2 2 10 10 10 10 2 2 2 10 8 10 10 10 10 10
left_child=2 5 4 8 9 -2 7 14 -3 10 -1 -12 23 25 -4 -14 19 -13 -19 -17 -20 -16 -9 -7 -15 -6 -24
right_child=1 3 6 -5 13 12 -8 22 -10 -11 11 17 15 24 21 16 -18 18 20 -21 -22 -23 26 -25 -26 -27 -28
leaf_value=-0.2373843168872552 0.043654058979129558 0.61150113004407236 0.085782332595142799 1.4125227808397869 -0.54358419115298251 0.40788102865219106 -0.41749964522564503 -0.013523531260452868 1.027037154172775 -0.78185295800773469 -0.83590695175221585 -0.62987015012751291 0.76607781350018567 -0.042028107017349457 -0.079046171050617078 0.55719049842650703 0.6856799196008827 -0.6482491601582776 -0.12757474182452078 0.23587605583979224 -0.41658705288778519 -0.34789364007054541 0.31626407566193099 0.11457439647560499 -0.26715908184610399 -0.29402366639232352 0.13402154246041942
leaf_weight=21 21 23 17 14.999999999999998 15.999999999999998 16.000000000000004 19 19 21 22 14.999999999999998 28 14.999999999999998 21 17 14.999999999999998 14.999999999999998 14.999999999999998 14.999999999999998 21 25 22 16.000000000000004 14.999999999999998 20 17 14.999999999999998
leaf_count=21 21 23 17 15 16 16 19 19 21 22 15 28 15 21 17 15 15 15 15 21 25 22 16 15 20 17 15
internal_value=-0.0036532 0.572583 -0.303679 0.964872 -0.439854 0.3761 -0.0693653 -0.00678231 0.8108 -0.528931 -0.481851 -0.534074 0.447998 -0.269863 -0.134812 0.532996 0.463729 -0.479037 -0.401719 0.370386 -0.308539 -0.230993 0.136572 0.26642 -0.152076 -0.415707 0.228488
internal_weight=517 177 340 59 215 118 125 106 44 141 119 98 97 74 56 66 51 83 55 36 40 39 50 31 41 33 31
internal_count=517 177 340 59 215 118 125 106 44 141 119 98 97 74 56 66 51 83 55 36 40 39 50 31 41 33 31
is_linear=0
shrinkage=0.03


Tree=70
num_leaves=26
num_cat=0
split_feature=32 32 32 79 31 32 68 10 31 39 71 82 39 31 32 68 1 82 92 48 14 93 32 34 23
split_gain=78563.9 20168.9 7125.94 6826.95 3975.62 2543.9 2478.58 2037.15 1873.5 1751.8 1679.85 2237.26 1551.39 1791.76 1373.76 1339.87 1312.41 1205.63 1123.24 940.117 830.254 773.187 613.464 401.964 152.874
threshold=267.77500000000003 406.06500000000005 213.23500000000004 -35.344999999999992 150.50000000000003 353.58000000000004 111.25500000000001 28.500000000000004 168.50000000000003 35952.135000000009 99.75500000000001 -12.722149999999997 40002.345000000008 184.50000000000003 156.41000000000003 97.545000000000016 136.50000000000003 -18.738899999999997 360.91000000000003 211.92000000000004 0.014000000000000002 172.38570000000001 296.04500000000002 0.88770000000000004 7.6500000000000012
decision_type=2 2 2 10 2 2 8 8 2 8 10 10 10 2 2 10 2 8 10 10 2 10 2 10 2
left_child=2 4 7 -3 -2 12 8 9 16 14 -5 -12 22 -14 -1 21 -4 -10 -7 23 -20 -16 -6 -18 -17
right_child=1 3 6 10 5 18 -8 -9 17 -11 11 -13 13 -15 15 24 19 -19 20 -21 -22 -23 -24 -25 -26
leaf_value=-0.70230396974532994 -0.26739880004775857 1.32478538074226 -0.1049853404214449 0.8048536824563074 0.16678326908917349 0.61827674060960924 0.12770310286049533 -0.25235909950138552 -0.28895819569931541 -0.85671265347612202 0.70184978619335203 0.21086911670393318 -0.19336363605535509 0.19359764559739298 -0.49965013901161587 -0.67264189393813412 -0.41079833460860882 0.0053049857686185593 0.43705282727381828 -0.26169929778049639 0.1464318467300629 -0.22190796482330286 0.39181083640893738 -0.59545522892568981 -0.52799682734416564
leaf_weight=28 15.999999999999998 15.999999999999998 15.999999999999998 27 28 14.999999999999998 15.999999999999998 21 22 17 18.999999999999996 15.000000000000002 21 22 14.999999999999998 15.000000000000002 26 29 20 26 15.999999999999998 23 18 19 14.999999999999998
leaf_count=28 16 16 16 27 28 15 16 21 22 17 19 15 21 22 15 15 26 29 20 26 16 23 18 19 15
internal_value=-0.0333672 0.376159 -0.364698 0.773295 0.179942 0.231154 -0.225367 -0.52467 -0.266345 -0.57513 0.627651 0.485912 0.1342 0.00457662 -0.52483 -0.451269 -0.350965 -0.121761 0.400024 -0.406263 0.308312 -0.332095 0.2552 -0.489372 -0.601368
internal_weight=521 233 288 77 156 140 154 134 138 113 61 34 89 43 96 68 87 51 51 71 36 38 46 45 30
internal_count=521 233 288 77 156 140 154 134 138 113 61 34 89 43 96 68 87 51 51 71 36 38 46 45 30
is_linear=0
shrinkage=0.03


Tree=71
num_leaves=28
num_cat=0
split_feature=31 45 46 26 48 2 49 26 35 34 26 49 68 48 24 33 80 80 3 36 31 2 68 0 26 36 73
split_gain=60509 17810 6116.21 4489.85 4306.5 3144.75 4719.15 3034.18 2787.71 2157.54 1949.73 1900.63 1631.27 1577.65 1546.59 1395.53 1310 1161.72 999.583 831.051 789.339 681.427 903.231 737.568 642.666 335.024 295.579
threshold=167.50000000000003 381.40000000000003 520.95000000000016 11.500000000000002 244.14500000000001 5.5000000000000009 349.79790000000008 29.500000000000004 0.98980000000000012 0.98605000000000009 35.500000000000007 448.42215000000004 100.51500000000001 340.12500000000006 7.1500000000000012 0.81270000000000009 14.115000000000002 -1.6199999999999999 10.500000000000002 0.72050000000000014 175.50000000000003 1.0000000180025095e-35 91.27500000000002 4.5000000000000009 24.500000000000004 0.94240000000000013 95.865000000000023
decision_type=2 10 10 2 8 2 10 2 10 10 2 10 8 8 2 8 10 10 2 10 2 2 8 2 2 8 10
left_child=3 5 9 15 19 6 16 8 18 11 -7 14 -9 -8 17 -1 20 -3 21 -5 -2 -6 24 -24 -23 -22 -27
right_child=1 2 -4 4 7 10 13 12 -10 -11 -12 -13 -14 -15 -16 -17 -18 -19 -20 -21 25 22 23 -25 -26 26 -28
leaf_value=-0.50543657329787428 -0.17847276511632296 0.47992303613317733 1.0126816518614892 -0.73763176323634427 -0.53011208808310673 -0.42475933841455754 0.23885095862455138 -0.19640251035461878 -0.018182886392891812 0.19567283928799786 0.029863551931037794 0.82456521800745308 0.17193464488495053 0.668218295730163 0.71004004104588903 -0.9184317439388594 0.28945170579954632 0.14269627459817547 -0.61664425398424216 -0.475276312146868 -0.062356595725525085 -0.081886108954121753 -0.57586718625800548 -0.31199576889080388 -0.34475117037066583 0.15920765026531095 -0.011768482753208704
leaf_weight=15.000000000000002 20 23.999999999999996 22 18 15.999999999999998 15.999999999999998 15.000000000000002 25 22 22 18 15.999999999999998 19 15.999999999999998 14.999999999999998 14.999999999999998 14.999999999999998 15.000000000000002 14.999999999999998 29 19 19 14.999999999999998 27 14.999999999999998 23 14.999999999999998
leaf_count=15 20 24 22 18 16 16 15 25 22 22 18 16 19 16 15 15 15 15 15 29 19 19 15 27 15 23 15
internal_value=-0.0323684 0.27813 0.563453 -0.368943 -0.321845 0.07083 0.141424 -0.252516 -0.325869 0.455521 -0.184342 0.536968 -0.0372992 0.461227 0.451042 -0.713169 0.0334557 0.350608 -0.38908 -0.576462 -0.0165497 -0.351646 -0.313731 -0.406844 -0.198236 0.0403458 0.0917509
internal_weight=521 271 114 250 220 157 123 173 129 92 34 70 44 31 54 30 92 39 107 47 77 92 76 42 34 57 38
internal_count=521 271 114 250 220 157 123 173 129 92 34 70 44 31 54 30 92 39 107 47 77 92 76 42 34 57 38
is_linear=0
shrinkage=0.03


Tree=72
num_leaves=26
num_cat=0
split_feature=32 32 79 32 31 26 32 45 45 88 31 32 36 82 0 84 0 32 31 26 47 7 79 12 88
split_gain=70046.2 18128 6545.99 6377.89 3440.82 2854.79 2136.64 1867.85 1840.07 1824.62 1755.59 1453.15 1316.45 855.294 846.827 814.859 812.954 795.679 735.528 678.297 596.929 497.192 468.968 446.278 211.173
threshold=267.77500000000003 403.96500000000009 -35.344999999999992 213.23500000000004 148.50000000000003 38.500000000000007 353.58000000000004 259.33500000000009 330.96500000000009 224.62000000000003 184.50000000000003 188.28500000000003 0.47875000000000006 -15.983149999999998 3.5000000000000004 0.91785000000000017 37.500000000000007 289.39500000000004 140.50000000000003 24.500000000000004 383.9550000000001 544.50000000000011 -8.0599999999999987 82.500000000000014 354.87500000000006
decision_type=2 2 10 2 2 2 2 8 10 10 2 2 10 10 2 10 2 2 2 2 10 2 10 2 10
left_child=3 4 -3 7 -2 9 8 11 17 -5 -4 16 14 -14 -11 -16 18 23 -1 -13 -8 -22 -12 -6 -19
right_child=1 2 10 5 6 -7 20 -9 -10 12 22 19 13 -15 15 -17 -18 24 -20 -21 21 -23 -24 -25 -26
leaf_value=-0.69282803265753168 -0.26701202747433683 1.2636973729980325 0.4050271822934482 0.01714880272789784 -0.009778427434457013 0.067547998379867746 0.52968790814726052 -0.73588633224027322 -0.10690525187328942 -0.57847556531594402 0.8471795237175771 -0.41070846717443488 -0.30835793854947574 -0.04503785896776917 -0.4382020860739092 -0.18280828658051379 -0.36723844264437988 0.3668390182961252 -0.46404820225195964 -0.14580031890673373 0.1860731658732786 0.42011824608963222 0.62240764689267125 0.21442251219701924 0.21602509531071809
leaf_weight=27 14.999999999999998 15.999999999999998 28 17 17 27 14.999999999999998 24 23 18 15.999999999999998 18 25 20 28 19 23 20 25 17 17 15.999999999999998 20 14.999999999999998 14.999999999999998
leaf_count=27 15 16 28 17 17 27 15 24 23 18 16 18 25 20 28 19 23 20 25 17 17 16 20 15 15
internal_value=-0.0314007 0.355289 0.721104 -0.344256 0.16383 -0.21244 0.210751 -0.495599 0.124403 -0.27198 0.584551 -0.442848 -0.316664 -0.19154 -0.403052 -0.335294 -0.517432 0.20385 -0.583418 -0.282473 0.372326 0.300059 0.723384 0.0954395 0.302648
internal_weight=521 233 80 288 153 154 138 134 90 127 64 110 110 45 65 47 75 67 52 35 48 33 36 32 35
internal_count=521 233 80 288 153 154 138 134 90 127 64 110 110 45 65 47 75 67 52 35 48 33 36 32 35
is_linear=0
shrinkage=0.03


Tree=73
num_leaves=29
num_cat=0
split_feature=32 32 31 32 31 71 26 92 32 10 45 77 82 32 76 45 42 92 0 82 32 84 7 22 73 11 14 41
split_gain=65917.1 17059.5 6189.15 6001.72 3238.14 2728.69 2686.47 2151.28 2010.78 1815.32 1731.62 1662.81 1608.9 2045.15 1412.11 1224.02 1149.42 1076.03 851.323 812.519 748.769 600.633 538.709 447.919 357.534 294.607 275.22 211.975
threshold=267.77500000000003 403.96500000000009 201.50000000000003 213.23500000000004 148.50000000000003 99.75500000000001 38.500000000000007 169.52000000000001 353.58000000000004 28.500000000000004 330.96500000000009 97.518600000000006 -23.786949999999997 149.08000000000001 79.735000000000014 429.11000000000007 45639.430000000008 360.91000000000003 3.5000000000000004 -15.804249999999998 289.39500000000004 0.91785000000000017 534.00000000000011 6.8500000000000005 83.362850000000009 72.050000000000011 0.018000000000000006 26739.330000000005
decision_type=2 2 2 2 2 10 2 10 2 8 10 10 10 2 10 10 8 10 2 10 2 10 2 2 10 2 2 10
left_child=3 4 5 9 -2 15 7 -5 10 12 20 -7 13 -1 24 -3 19 -10 -18 -9 25 27 -19 -16 -15 -6 -22 -20
right_child=1 2 -4 6 8 11 -8 16 17 -11 -12 -13 -14 14 23 -17 18 22 21 -21 26 -23 -24 -25 -26 -27 -28 -29
leaf_value=-0.77250453057690183 -0.25902827544861845 0.96485283214784534 1.2486271991919837 0.073257240330262041 0.0013882434479544094 0.15638254014131064 0.06552530757600851 -0.29445541499132771 0.5718801682811242 -0.22376275616417018 -0.10370504852489379 0.58938506108578115 -0.73609210309048756 -0.34883388766418644 -0.63842795398747798 0.59329792190456643 -0.58017928702808974 0.13892406728780157 -0.49353220492898414 -0.035985722885237499 0.21959486404856537 -0.1993940174163428 0.38215876512163888 -0.43007642323410683 -0.14412722016049323 0.18339888305307547 0.39110353751832061 -0.33029525702181839
leaf_weight=15.999999999999998 14.999999999999998 14.999999999999998 14.999999999999998 14.999999999999998 15.999999999999998 15.999999999999998 27 28 14.999999999999998 21 23 15.999999999999998 26 15.000000000000002 15.999999999999998 18 15.999999999999998 15.999999999999998 15.000000000000002 18 20 20 17 24 15.999999999999998 15.999999999999998 14.999999999999998 14.999999999999998
leaf_count=16 15 15 15 15 16 16 27 28 15 21 23 16 26 15 16 18 16 16 15 18 20 20 17 24 16 16 15 15
internal_value=-0.0304576 0.344661 0.699531 -0.333952 0.158931 0.571931 -0.206082 -0.26384 0.204449 -0.480764 0.120682 0.373512 -0.528392 -0.465916 -0.39631 0.763436 -0.309012 0.361193 -0.389293 -0.193497 0.197753 -0.327661 0.264661 -0.514147 -0.243629 0.0925845 0.293594 -0.412649
internal_weight=521 233 80 288 153 65 154 127 138 134 90 32 113 87 71 33 112 48 66 46 67 50 33 40 31 32 35 30
internal_count=521 233 80 288 153 65 154 127 138 134 90 32 113 87 71 33 112 48 66 46 67 50 33 40 31 32 35 30
is_linear=0
shrinkage=0.03


Tree=74
num_leaves=29
num_cat=0
split_feature=32 32 31 32 31 71 26 92 32 10 45 77 45 76 45 48 92 0 77 73 32 75 84 93 12 14 35 41
split_gain=62033.2 16054.4 5824.53 5647.86 3047.42 2567.85 2528.14 2024.55 1892.3 1708.3 1629.59 1564.81 1541.67 1298.54 1151.91 1130.04 1012.62 771.801 725.38 715.121 704.623 625.829 565.256 526.448 400.461 258.996 215.716 199.449
threshold=267.77500000000003 403.96500000000009 201.50000000000003 213.23500000000004 148.50000000000003 99.75500000000001 38.500000000000007 169.52000000000001 353.58000000000004 28.500000000000004 330.96500000000009 97.518600000000006 259.33500000000009 78.475000000000009 429.11000000000007 313.87000000000006 360.91000000000003 3.5000000000000004 88.173600000000008 90.00500000000001 289.39500000000004 98.745000000000019 0.91785000000000017 297.74570000000006 82.500000000000014 0.018000000000000006 0.81000000000000016 26739.330000000005
decision_type=2 2 2 2 2 10 2 10 2 8 10 10 8 10 10 8 10 2 10 10 2 10 10 10 2 2 10 10
left_child=3 4 5 9 -2 14 7 -5 10 12 20 -7 13 19 -3 18 -10 -17 -9 -1 24 26 27 -18 -6 -22 -15 -19
right_child=1 2 -4 6 8 11 -8 15 16 -11 -12 -13 -14 21 -16 17 23 22 -20 -21 25 -23 -24 -25 -26 -27 -28 -29
leaf_value=-0.43382253980960972 -0.25128324489656872 0.93600340022597184 1.2112928191530348 0.07106682725919046 -0.0098477142157792335 0.15170568653356248 0.063563182340752394 -0.34501586062885886 0.55478076085695782 -0.21706581635599745 -0.10060064235633469 0.57175859281949903 -0.73860171532144347 -0.68400045667375831 0.57554828630590038 -0.55295743919887141 0.13247232784734705 -0.47877543066031103 -0.093294475607945876 -0.16933547349733727 0.21302344585297409 -0.39431910015712274 -0.19342711143065566 0.37288990191525373 0.20252751938132352 0.37940941061292371 -0.52884810761359824 -0.3204193191116434
leaf_weight=22 14.999999999999998 14.999999999999998 14.999999999999998 14.999999999999998 17 15.999999999999998 27 15.999999999999998 14.999999999999998 21 23 15.999999999999998 22 22 18 17 15.999999999999998 15.000000000000002 29 15.999999999999998 20 15.999999999999998 20 17 14.999999999999998 14.999999999999998 14.999999999999998 14.999999999999998
leaf_count=22 15 15 15 15 17 16 27 16 15 21 23 16 22 22 18 17 16 15 29 16 20 16 20 17 15 15 15 15
internal_value=-0.0295439 0.334356 0.678614 -0.323961 0.154179 0.554829 -0.199917 -0.255948 0.198337 -0.46638 0.117074 0.362343 -0.512583 -0.457549 0.740605 -0.29977 0.350393 -0.377905 -0.183112 -0.322868 0.19184 -0.553689 -0.317864 0.256746 0.089817 0.284814 -0.62194 -0.400312
internal_weight=521 233 80 288 153 65 154 127 138 134 90 32 113 91 33 112 48 67 45 38 67 53 50 33 32 35 37 30
internal_count=521 233 80 288 153 65 154 127 138 134 90 32 113 91 33 112 48 67 45 38 67 53 50 33 32 35 37 30
is_linear=0
shrinkage=0.03


Tree=75
num_leaves=25
num_cat=0
split_feature=32 32 89 87 31 31 38 45 76 82 33 29 32 32 33 32 46 31 76 87 1 27 39 34
split_gain=72649.6 13578.4 12671.7 3659.92 3580.29 3072.94 2584.69 2579.15 1869.91 1501.34 1332.76 1293.56 1292.99 1271.37 1217.8 992.098 883.699 967.775 775.955 740.019 609.866 1039.57 480.9 343.849
threshold=353.58000000000004 241.64000000000001 476.05500000000006 369.43000000000006 140.50000000000003 166.50000000000003 0.76165000000000005 279.39500000000004 91.705000000000013 -10.504449999999997 0.6523500000000001 8.5000000000000018 295.56500000000005 391.86000000000007 0.97745000000000004 179.45000000000002 266.73500000000007 188.50000000000003 89.080000000000013 493.29000000000002 137.50000000000003 14.500000000000002 34156.375000000007 0.92000000000000004
decision_type=2 2 10 10 2 2 10 8 10 8 10 2 2 2 10 2 10 2 10 10 2 2 10 10
left_child=1 4 3 -2 7 -5 -3 8 10 12 -1 20 16 -7 19 -12 22 -18 -13 -15 -6 -22 -8 -14
right_child=2 6 -4 5 11 13 9 -9 -10 -11 15 18 23 14 -16 -17 17 -19 -20 -21 21 -23 -24 -25
leaf_value=-0.52671874020165033 0.86266022435276635 -0.36162697910866465 1.4012017427426633 0.030384045803665716 -0.17317809868418224 0.33054050101634652 0.27247729608782884 -0.7937425454536875 -0.6563687784258373 -0.1577441462285504 -0.41885006410338943 -0.25951365695035367 0.14031594084854349 0.59112328431612893 0.74766429400495749 -0.11011639527931899 -0.16571682549415423 0.12087656352526982 -0.011051187299034645 0.30369642634724453 -0.26147959918940572 -0.54782109824202008 0.032203339880883093 0.32262734428437473
leaf_weight=20 21 14.999999999999998 15.999999999999998 14.999999999999998 17 28 15.000000000000002 20 21 25 14.999999999999998 20 17 18 23 25 28 17 26 14.999999999999998 27 20 14.999999999999998 21
leaf_count=20 21 15 16 15 17 28 15 20 21 25 15 20 17 18 23 25 28 17 26 15 27 20 15 21
internal_value=0.0175612 -0.203481 0.609043 0.50287 -0.359479 0.426138 0.0116906 -0.48847 -0.412633 0.0523958 -0.326825 -0.24086 0.0989494 0.496731 0.57943 -0.226307 0.0266427 -0.0574009 -0.119275 0.461177 -0.328064 -0.383812 0.152644 0.241398
internal_weight=500 364 136 120 211 99 153 101 81 138 60 110 113 84 56 40 75 45 46 33 64 47 30 38
internal_count=500 364 136 120 211 99 153 101 81 138 60 110 113 84 56 40 75 45 46 33 64 47 30 38
is_linear=0
shrinkage=0.03


Tree=76
num_leaves=25
num_cat=0
split_feature=32 32 89 78 87 31 31 32 0 49 42 31 30 73 31 75 32 92 31 0 9 41 9 75
split_gain=68367.2 12804.7 11925.3 3659.92 3444.05 2891.72 2861.85 2675.39 2325.16 1477.81 1432.26 1387.62 1179.83 1127.14 1041.78 1021.53 960.772 815.365 813.935 665.472 610.728 600.981 567.522 291.128
threshold=353.58000000000004 229.54500000000004 476.05500000000006 82.315700000000007 369.43000000000006 166.50000000000003 140.50000000000003 264.34500000000008 37.500000000000007 434.47070000000002 23467.515000000003 109.00000000000001 5.5000000000000009 95.118600000000015 188.50000000000003 102.41500000000001 207.34 232.91000000000003 200.50000000000003 9.5000000000000018 26.500000000000004 44376.220000000008 14.500000000000002 85.715000000000018
decision_type=2 2 10 10 10 2 2 2 2 10 10 2 2 10 2 10 2 10 2 2 2 10 2 10
left_child=1 6 4 -3 -2 -6 8 10 11 14 13 -1 19 -5 -7 17 -13 -9 -16 20 23 22 -19 -8
right_child=2 3 -4 7 5 9 12 15 -10 -11 -12 16 -14 -15 18 -17 -18 21 -20 -21 -22 -23 -24 -25
leaf_value=-0.83585306792664726 0.83684187143828692 -0.37931034232944311 1.3592966345091848 -0.021264746902275644 0.029475552679296343 0.24001433083676948 -0.33757628628026654 0.33201999782029529 -0.27759045743285682 0.72330206271353836 0.083313123449293841 -0.62605539914199915 -0.015294319632837542 -0.32898663172828552 0.59203801929848121 -0.10339632593491346 -0.33606633565293026 -0.07469596304203803 0.32334636429759939 -0.14383584794410861 -0.22179393866400077 0.21897348436074202 0.1646644471070477 -0.51452055176412026
leaf_weight=17 21 23 15.999999999999998 17 14.999999999999998 21 15.999999999999998 20 29 18 21 27 14.999999999999998 29 29 14.999999999999998 17 20 15.999999999999998 17 19 27 15.999999999999998 19
leaf_count=17 21 23 16 17 15 21 16 20 29 18 21 27 15 29 29 15 17 20 16 17 19 27 16 19
internal_value=0.0170363 -0.197392 0.590821 -0.0252042 0.487821 0.413386 -0.381252 0.0242469 -0.499551 0.481866 -0.121788 -0.604734 -0.257216 -0.215442 0.415499 0.124114 -0.514557 0.165285 0.497001 -0.308259 -0.359813 0.112109 0.0317257 -0.434271
internal_weight=500 364 136 188 120 99 176 165 90 84 67 61 86 46 66 98 44 83 45 71 54 63 36 35
internal_count=500 364 136 188 120 99 176 165 90 84 67 61 86 46 66 98 44 83 45 71 54 63 36 35
is_linear=0
shrinkage=0.03


Tree=77
num_leaves=26
num_cat=0
split_feature=32 89 32 32 78 26 40 82 31 88 38 32 69 31 78 75 75 42 38 73 82 73 39 10 84
split_gain=64433.6 12664 9801.63 3648.48 2810.24 2565.67 2538.51 2494.76 1813.77 1382.29 1637.74 1275.86 1200.66 1058.45 889.552 810.933 947.766 789.076 709.188 806.68 527.52 460.167 399.168 362.569 346.17
threshold=321.00500000000005 476.05500000000006 227.89000000000001 401.37000000000006 82.315700000000007 11.500000000000002 51509.840000000004 -8.4449999999999985 188.50000000000003 277.25500000000005 0.84975000000000012 275.60500000000008 88.63430000000001 136.50000000000003 87.631950000000018 88.055000000000021 96.02500000000002 44484.275000000001 0.77695000000000014 88.664450000000016 -24.961799999999997 90.945000000000007 35747.630000000012 14.500000000000002 0.82655000000000012
decision_type=2 10 2 2 10 2 10 10 2 10 10 2 10 2 10 10 10 8 10 10 10 10 10 10 10
left_child=2 3 5 12 -4 -1 -5 11 -8 10 18 14 -2 -11 -6 -14 -17 -16 19 -7 -19 -20 -13 -24 -12
right_child=1 -3 4 6 7 9 8 -9 -10 13 24 22 15 -15 17 16 -18 20 21 -21 -22 -23 23 -25 -26
leaf_value=-0.68690262383349998 0.036492795369949843 1.31864478701743 -0.38987616415332971 0.80280905236534894 0.1359611873679544 -0.39437823617887624 0.19266905622398398 -0.31574997488789769 0.59197748594229138 -0.66741332865206993 0.017273559863385163 0.23389964934198371 0.51952309777803507 -0.36187511626291186 0.033719808943823079 0.077486653961612528 0.38180406271048239 -0.063239017023992691 -0.34639955232658748 -0.10998183589893035 -0.30149943201560669 -0.56247198907014362 -0.030230717982087176 0.16333225901671281 -0.18623594756934334
leaf_weight=21 14.999999999999998 15.999999999999998 20 28 18 18 17 21 26 15.999999999999998 15.000000000000002 24 15.999999999999998 29 22 14.999999999999998 24 14.999999999999998 21 18 19 15.999999999999998 15.999999999999998 19 14.999999999999998
leaf_count=21 15 16 20 28 18 18 17 21 26 16 15 24 16 29 22 15 24 15 21 18 19 16 16 19 15
internal_value=0.0165269 0.519807 -0.213875 0.428713 -0.0557867 -0.376567 0.580265 -0.0122763 0.434553 -0.332306 -0.271426 0.03573 0.27467 -0.471164 -0.0472139 0.339508 0.265046 -0.106187 -0.348085 -0.252571 -0.196676 -0.44051 0.139739 0.0748866 -0.0845718
internal_weight=500 157 343 141 174 169 71 154 43 148 103 133 70 45 74 55 39 56 73 36 34 37 59 35 30
internal_count=500 157 343 141 174 169 71 154 43 148 103 133 70 45 74 55 39 56 73 36 34 37 59 35 30
is_linear=0
shrinkage=0.03


Tree=78
num_leaves=28
num_cat=0
split_feature=32 73 32 32 11 26 69 50 93 79 33 69 82 0 32 36 90 37 67 87 32 87 32 71 38 71 79
split_gain=60635.3 12233.9 9223.89 3447.58 2904.12 2414.29 1927.84 2019.87 1956.92 1712.43 1885.15 1435.22 1185.77 1145.72 1368.22 1043.83 941.07 1163.24 766.778 844.471 711.738 674.78 516.162 479.049 332.423 277.768 270.643
threshold=321.00500000000005 102.55355000000002 227.89000000000001 388.37500000000006 54.750000000000007 11.500000000000002 90.140700000000024 284.61535000000003 283.26070000000004 7.96 0.97815000000000019 89.058550000000011 -12.997299999999997 33.500000000000007 201.90500000000003 0.8489000000000001 397.07265000000007 0.92705000000000004 82.570000000000007 254.54500000000004 266.11500000000007 493.29000000000002 168.84500000000003 96.675000000000011 0.90540000000000009 91.235000000000014 -32.734999999999992
decision_type=2 10 2 2 2 2 10 10 10 10 10 10 8 2 2 8 10 10 10 10 2 10 2 10 10 10 10
left_child=2 3 5 11 -5 -1 7 -4 -9 10 21 -2 -13 14 18 -16 17 20 -7 22 23 -6 -20 -8 -19 -17 -26
right_child=1 -3 6 4 9 13 16 8 -10 -11 -12 12 -14 -15 15 25 -18 24 19 -21 -22 -23 -24 -25 26 -27 -28
leaf_value=-0.66634448782565181 -0.014806491219720174 1.3179402459737073 0.069922375868414044 0.90320462592294282 0.51608920362386446 -0.26192895689279927 -0.24295930511073061 -0.5951276545350338 -0.14165015840768219 0.16939034555441518 0.78349289437080016 0.20732370272581763 0.54051368250799336 -0.14520442978787113 -0.054077697555340629 -0.23712023293061113 -0.21205196006749555 0.26571864060430878 -0.52173757514175101 -0.69786332158947295 0.064709409144987545 0.25098543664545714 -0.29129225936838948 -0.013391201028792168 0.18602761555351688 -0.40653198002147023 0.0058364523843277318
leaf_weight=21 14.999999999999998 14.999999999999998 15.999999999999998 15.999999999999998 21 14.999999999999998 18 14.999999999999998 20 14.999999999999998 18 27 14.999999999999998 27 17 14.999999999999998 14.999999999999998 15.999999999999998 22 14.999999999999998 29 14.999999999999998 14.999999999999998 14.999999999999998 14.999999999999998 22 15.000000000000002
leaf_count=21 15 15 16 16 21 15 18 15 20 15 18 27 15 27 17 15 15 16 22 15 29 15 15 15 15 22 15
internal_value=0.0160313 0.504252 -0.207477 0.417855 0.538916 -0.365301 -0.0541177 -0.209099 -0.336612 0.453829 0.532582 0.236985 0.326857 -0.322365 -0.361808 -0.248986 0.0101894 0.041154 -0.452463 -0.507091 -0.0436284 0.406172 -0.428873 -0.138834 0.155382 -0.338305 0.0961416
internal_weight=500 157 343 142 85 169 174 51 35 69 54 57 42 148 121 54 123 108 67 52 62 36 37 33 46 37 30
internal_count=500 157 343 142 85 169 174 51 35 69 54 57 42 148 121 54 123 108 67 52 62 36 37 33 46 37 30
is_linear=0
shrinkage=0.03


Tree=79
num_leaves=25
num_cat=0
split_feature=32 32 32 31 0 78 40 32 32 56 7 31 46 31 30 32 75 31 92 75 41 9 71 70
split_gain=57095 10679.5 10085.7 2998.33 2326.16 2315.82 2105.29 1573.49 1503.49 1975.43 1958.72 1413.56 1394.26 1203.34 1100.83 1011.82 930.284 871.313 750.794 595.492 527.466 524.392 415.797 410.422
threshold=353.58000000000004 241.64000000000001 512.6350000000001 140.50000000000003 37.500000000000007 82.315700000000007 37244.540000000008 264.34500000000008 391.86000000000007 1.0000000180025095e-35 534.00000000000011 109.00000000000001 287.25000000000006 101.50000000000001 5.5000000000000009 207.34 102.41500000000001 171.50000000000003 232.91000000000003 96.02500000000002 44376.220000000008 14.500000000000002 96.855000000000004 95.76945000000002
decision_type=2 2 2 2 2 10 10 2 2 2 2 2 10 2 2 2 10 2 10 10 10 2 10 10
left_child=1 3 6 4 11 -3 -2 12 19 10 -10 -1 -7 -6 17 -13 18 22 -9 -8 21 -20 23 -5
right_child=2 5 -4 14 13 7 8 16 9 -11 -12 15 -14 -15 -16 -17 -18 -19 20 -21 -22 -23 -24 -25
leaf_value=-0.76405338771620612 0.73512843830378971 -0.31915984711688977 1.2466254157663506 -0.2038075613593035 -0.40834648711659077 0.034747321166081951 0.10825748230942069 0.31455041403782336 0.44347044905865712 0.26735934528416727 0.87578293340942781 -0.57945775416333667 -0.33653278998758307 -0.040444469167807383 -0.020264741855413732 -0.31030754412534078 -0.10183525854170916 -0.11907123392278499 -0.074064288282037677 0.36018551590286679 0.20365022680014644 0.15602025909958597 -0.45362333529463433 -0.39519750372271667
leaf_weight=18 19 17 15.999999999999998 28 15.999999999999998 23 18 20 26 26 14.999999999999998 27 14.999999999999998 15.999999999999998 22 24 14.999999999999998 28 20 15.999999999999998 27 15.999999999999998 15.999999999999998 15.999999999999998
leaf_count=18 19 17 16 28 16 23 18 20 26 26 15 27 15 16 22 24 15 28 20 16 27 16 16 16
internal_value=0.0155524 -0.180403 0.539906 -0.31875 -0.436789 0.0104209 0.445184 0.0517317 0.390289 0.472791 0.602544 -0.53485 -0.112021 -0.224792 -0.210206 -0.453256 0.115268 -0.257636 0.154559 0.227211 0.103535 0.0282285 -0.322121 -0.273808
internal_weight=500 364 136 211 101 153 120 136 101 67 41 69 38 32 110 51 98 88 83 34 63 36 60 44
internal_count=500 364 136 211 101 153 120 136 101 67 41 69 38 32 110 51 98 88 83 34 63 36 60 44
is_linear=0
shrinkage=0.03


Tree=80
num_leaves=25
num_cat=0
split_feature=32 32 31 32 32 1 31 75 91 32 31 32 29 35 25 32 87 20 35 20 82 50 77 77
split_gain=53112.1 14129.6 11851.8 3148.27 3104.47 2122.49 3004.65 2077.01 1927.29 1465.74 1249.51 1235.32 1064.24 999.701 767.423 967.29 754.897 728.981 601.917 553.677 504.91 487.757 346.808 345.982
threshold=365.24000000000007 506.9550000000001 164.50000000000003 166.44000000000003 288.60500000000008 108.00000000000001 134.50000000000003 86.070000000000007 284.16000000000003 264.34500000000008 171.50000000000003 452.49500000000006 10.500000000000002 0.95090000000000019 8.4500000000000011 230.78 292.44500000000005 9.5000000000000018 0.8258000000000002 13.500000000000002 -32.229449999999993 334.48785000000004 90.325000000000003 95.797150000000016
decision_type=2 2 2 2 2 2 2 10 10 2 2 2 2 10 2 2 10 2 8 2 10 10 10 10
left_child=2 7 3 17 14 -5 8 -2 18 16 -9 13 -6 -12 15 20 19 -1 -7 -8 -4 -14 -21 -17
right_child=1 -3 4 5 12 6 9 10 -10 -11 11 -13 21 -15 -16 23 -18 -19 -20 22 -22 -23 -24 -25
leaf_value=-0.70399177618390296 0.68501287019171675 1.3555226393319295 -0.27548914615498027 -0.016211381328297168 0.029605716680042953 -0.46868188082800089 -0.43232291813800455 0.10832521185130377 -0.75934492447051483 0.060691678737265629 0.18576874112536615 0.61734978281606834 0.38731856481690058 0.45340019096027717 -0.21248600296965367 0.12715876963380693 -0.086953164714527881 -0.43665322457809624 -0.24742790932326869 -0.33529169130166897 -0.047571719853017225 0.17943575608732085 -0.13663857114629663 -0.050072933732473172
leaf_weight=17 22 17 14.999999999999998 28 24 24 20 14.999999999999998 14.999999999999998 17 23 19 20 28 27 29 19 21 21 14.999999999999998 21 21 17 14.999999999999998
leaf_count=17 22 17 15 28 24 24 20 15 15 17 23 19 20 28 27 29 19 21 21 15 21 21 17 15
internal_value=0.0130921 0.553118 -0.160433 -0.309438 0.024984 -0.255823 -0.301124 0.425046 -0.464801 -0.189308 0.35738 0.410612 0.188438 0.333033 -0.074338 -0.0275907 -0.249189 -0.557059 -0.365853 -0.308298 -0.142829 0.281227 -0.230182 0.0667166
internal_weight=510 124 386 214 172 176 148 107 60 88 85 70 65 51 107 80 71 38 45 52 36 41 32 44
internal_count=510 124 386 214 172 176 148 107 60 88 85 70 65 51 107 80 71 38 45 52 36 41 32 44
is_linear=0
shrinkage=0.03


Tree=81
num_leaves=27
num_cat=0
split_feature=47 89 93 78 46 28 27 10 38 30 80 41 93 87 88 45 67 70 69 77 71 42 37 20 40 40
split_gain=24485.8 16014.9 7120.69 7114.55 4353.43 2751.99 2701.99 2688.8 2149.75 1808.15 1298.14 1160.13 1018.23 975.39 1240.9 883.242 878.939 871.816 729.986 653.319 571.729 638.66 536.954 486.128 401.201 285.934
threshold=369.4550000000001 433.11285000000004 300.54925000000009 84.21250000000002 170.74000000000004 23.500000000000004 31.500000000000004 10.500000000000002 0.91565000000000007 7.5000000000000009 15.355000000000002 52878.215000000004 352.20785000000006 328.51000000000005 311.02500000000003 269.91500000000002 96.530000000000015 95.183850000000021 95.433550000000011 90.830750000000009 87.685000000000016 19171.615000000002 0.88625000000000009 15.500000000000002 23362.285000000003 30228.930000000004
decision_type=10 10 8 10 10 2 2 10 10 2 8 10 8 10 10 10 10 10 10 10 8 8 10 2 10 10
left_child=2 3 4 -2 20 10 7 12 16 19 13 -11 -4 14 15 22 -9 -8 -7 -5 21 -1 24 -13 -6 -26
right_child=1 -3 6 9 5 18 17 8 -10 11 -12 23 -14 -15 -16 -17 -18 -19 -20 -21 -22 -23 -24 -25 25 -27
leaf_value=-0.50223786316518704 -0.38323635129728045 1.0177009988315884 0.039484952579244677 0.038208237880765682 -0.22569758220704011 0.19909404177244017 0.44928779386602757 -0.15094715174854248 -0.35988491205068734 0.20757169650592205 0.019715347673009521 0.41256769000959531 0.36836012091592085 -0.46181435464624543 0.049769626091485004 -0.037690307737510892 0.12066069196465216 0.15958622545539258 -0.071947619431834683 0.2845296309463205 -0.6062589397163034 -0.23881718928631751 -0.13969474676087146 0.64663524395951599 -0.4465299651330325 -0.28335007906659254
leaf_weight=19 15.999999999999998 27 18 21 25 22 14.999999999999998 20 24 14.999999999999998 21 17 15.999999999999998 14.999999999999998 14.999999999999998 15.999999999999998 23 25 14.999999999999998 18 15.999999999999998 14.999999999999998 19 15.999999999999998 24 17
leaf_count=19 16 27 18 21 25 22 15 20 24 15 21 17 16 15 15 16 23 25 15 18 16 15 19 16 24 17
internal_value=0.012699 0.368017 -0.108886 0.197286 -0.208619 -0.142679 0.0601688 -0.02249 -0.132744 0.304225 -0.19915 0.427466 0.194607 -0.234241 -0.204614 -0.242415 -0.00566229 0.268687 0.089223 0.152152 -0.457448 -0.386588 -0.280889 0.526907 -0.321376 -0.379334
internal_weight=510 130 380 103 239 189 141 101 67 87 152 48 34 131 116 101 43 40 37 39 50 34 85 33 66 41
internal_count=510 130 380 103 239 189 141 101 67 87 152 48 34 131 116 101 43 40 37 39 50 34 85 33 66 41
is_linear=0
shrinkage=0.03


Tree=82
num_leaves=28
num_cat=0
split_feature=32 32 31 32 32 92 25 31 1 31 91 32 29 11 35 87 39 12 34 79 35 70 50 77 69 45 14
split_gain=47600.7 13009.9 10713.4 2822.65 2779.71 1978.47 2116.01 2346.65 1972.81 2719.29 1817.12 1308.15 980.977 847.697 768.505 695.159 647.536 681.803 592.096 585.112 560.463 461.999 456.195 409.24 401.163 338.192 301.943
threshold=365.24000000000007 506.9550000000001 164.50000000000003 166.44000000000003 288.60500000000008 263.40500000000003 7.7500000000000009 190.50000000000003 108.00000000000001 134.50000000000003 284.16000000000003 264.34500000000008 10.500000000000002 44.400000000000006 0.95845000000000014 292.44500000000005 38294.80000000001 77.700000000000003 0.77875000000000016 -25.684999999999995 0.8258000000000002 96.240900000000025 334.48785000000004 90.901450000000011 94.260700000000014 227.45000000000002 0.018000000000000006
decision_type=2 2 2 2 2 10 2 2 2 2 10 2 2 2 10 10 10 2 8 10 8 10 10 10 10 10 2
left_child=2 5 3 18 13 -2 14 -8 -5 10 20 15 -6 -4 -7 23 19 -18 -1 24 -10 -9 -14 25 -15 -11 -21
right_child=1 -3 4 8 12 6 7 21 9 11 -12 -13 22 16 -16 -17 17 -19 -20 26 -22 -23 -24 -25 -26 -27 -28
leaf_value=-0.40091680683257502 0.69756166821700727 1.293504915230435 -0.27840072223910456 -0.011854621493880124 0.026508343436768791 0.38382220794107308 0.030051702224613338 0.5337158273462439 -0.44539285840214904 -0.24665127583120353 -0.72821739684703723 0.056021071777315773 0.37067761675675309 -0.18255319522464791 0.67637093792912539 -0.081047990807867426 -0.28290611284915523 -0.0014815108958272838 -0.64119446026714055 0.2030450147111838 -0.23194015098580836 0.2958787274311151 0.16965501654176418 -0.17684733552615728 0.036503934883992138 -0.43920143938440032 0.015661374604781203
leaf_weight=18 17 17 14.999999999999998 28 24 15.999999999999998 27 15.000000000000002 24 14.999999999999998 14.999999999999998 17 20 14.999999999999998 17 19 16.000000000000004 14.999999999999998 20 16.000000000000007 21 14.999999999999998 21 18 14.999999999999998 19 14.999999999999998
leaf_count=18 17 17 15 28 24 16 27 15 24 15 15 17 20 15 17 19 16 15 20 16 21 15 21 18 15 19 15
internal_value=0.0123183 0.523559 -0.151957 -0.293625 0.0243302 0.40067 0.344217 0.233152 -0.242857 -0.286532 -0.442243 -0.180157 0.178998 -0.0696528 0.53537 -0.236727 -0.0354688 -0.147003 -0.528095 0.0212618 -0.346183 0.415537 0.268083 -0.293448 -0.0730962 -0.354784 0.112595
internal_weight=510 124 386 214 172 107 90 57 176 148 60 88 65 107 33 71 92 31 38 61 45 30 41 52 30 34 31
internal_count=510 124 386 214 172 107 90 57 176 148 60 88 65 107 33 71 92 31 38 61 45 30 41 52 30 34 31
is_linear=0
shrinkage=0.03


Tree=83
num_leaves=25
num_cat=0
split_feature=91 55 86 26 45 37 92 29 34 82 35 79 40 47 45 34 93 45 80 79 72 30 37 77
split_gain=22938.3 15073.4 10448.2 6123.45 3387.45 3063.91 2593.82 2982.63 2613.62 2086.09 2845 1816.97 1804.41 1767.03 1334.65 1192.24 1039.55 980.59 867.764 806.002 754.349 610.435 448.178 171.278
threshold=455.23000000000008 1.0000000180025095e-35 0.84770000000000012 35.500000000000007 257.27000000000004 0.82625000000000004 241.93500000000003 10.500000000000002 0.80635000000000001 -28.109649999999998 0.82005000000000006 5.9400000000000004 19560.305000000004 344.20000000000005 236.61500000000004 0.77875000000000016 301.75215000000009 313.41000000000003 -20.779999999999998 -50.494999999999997 89.965000000000018 9.5000000000000018 0.85225000000000006 90.350000000000009
decision_type=10 2 8 2 8 10 10 2 10 10 8 10 8 10 8 8 10 10 10 10 10 2 10 10
left_child=2 11 9 4 20 -5 15 8 -8 10 19 -2 -12 16 -11 -6 -9 21 -19 -1 -4 23 -22 -7
right_child=1 -3 3 5 6 17 7 13 -10 14 12 -13 -14 -15 -16 -17 -18 18 -20 -21 22 -23 -24 -25
leaf_value=-0.51023398492228667 0.42433242258719756 1.2651203747997135 -0.10372764285374968 0.56891977263949911 0.038912535493063463 -0.10779245207080015 0.065177490131877291 -0.2311897933148892 -0.41204833504973093 -0.33103157179991743 -0.21519891024540919 0.013676596789148702 0.1739614725588563 0.27971137510763627 -0.69616640990754686 0.36496122368504319 0.11025532560092266 0.37596178470014713 0.11480072656905825 -0.25924329936675972 -0.42324949954024965 0.18847633207298792 -0.22888279751356339 0.035313611870192212
leaf_weight=21 21 19 26 18 18 15.000000000000002 15.999999999999998 15.999999999999998 29 23 23 18 20 24 14.999999999999998 23 15.999999999999998 22 24 26 18 17 27 14.999999999999998
leaf_count=21 21 19 26 18 18 15 16 16 29 23 23 18 20 24 15 23 16 22 24 26 18 17 27 15
internal_value=0.0119505 0.573344 -0.0601388 0.030523 -0.0636219 0.21114 0.0209777 -0.060711 -0.242451 -0.28956 -0.210634 0.235098 -0.0341674 0.0853891 -0.475929 0.222076 -0.0605148 0.141608 0.240009 -0.371843 -0.232738 0.0451162 -0.307046 -0.0362498
internal_weight=510 58 452 324 213 111 142 101 45 128 90 39 43 56 38 41 32 93 46 47 71 47 45 30
internal_count=510 58 452 324 213 111 142 101 45 128 90 39 43 56 38 41 32 93 46 47 71 47 45 30
is_linear=0
shrinkage=0.03


Tree=84
num_leaves=25
num_cat=0
split_feature=32 32 31 32 32 75 1 31 90 32 31 32 29 35 20 25 32 31 84 86 88 78 82 45
split_gain=42770 12060.4 9581.32 2560.32 2469.14 1910.54 1841.77 2460.18 1523.46 1159.39 1068.64 1040.07 882.197 850.018 672.342 670.457 773.261 650.843 584.898 730.873 563.443 432.163 419.925 392.338
threshold=365.24000000000007 506.9550000000001 164.50000000000003 166.44000000000003 288.60500000000008 86.070000000000007 108.00000000000001 134.50000000000003 351.99695000000003 264.34500000000008 171.50000000000003 452.49500000000006 10.500000000000002 0.95090000000000019 9.5000000000000018 8.4500000000000011 230.78 121.00000000000001 0.77790000000000015 0.89715000000000011 361.90500000000003 90.441600000000008 -32.229449999999993 256.17000000000007
decision_type=2 2 2 2 2 10 2 2 10 2 2 2 2 10 2 2 2 2 8 10 10 10 10 10
left_child=2 5 3 14 15 -2 -5 8 17 18 -7 13 -6 -12 -1 16 22 -8 -9 23 -14 -18 -4 -20
right_child=1 -3 4 6 12 10 7 9 -10 -11 11 -13 20 -15 -16 -17 21 -19 19 -21 -22 -23 -24 -25
leaf_value=-0.64235281124842125 0.62714126638814693 1.2375063526875114 -0.24630944884694692 -0.0065549709787343273 0.023753178729336868 0.082770448887466985 -0.43892734453862442 -0.39039478157841873 -0.64221263224684344 0.051578143461009272 0.15534913680429313 0.55190289909445389 0.34638768676412823 0.40205981025083815 -0.38597707322544267 -0.19511127766311276 0.19246242222991891 -0.19888338656436799 -0.18170757001177626 -0.3188872998542287 0.12006271702103602 -0.0056110631496278434 -0.038468113334721166 0.021005309245911149
leaf_weight=17 22 17 14.999999999999998 28 24 14.999999999999998 20 14.999999999999998 19 17 23 19 24 28 21 27 14.999999999999998 21 20 21 17 29 21 14.999999999999998
leaf_count=17 22 17 15 28 24 15 20 15 19 17 23 19 24 28 21 27 15 21 20 21 17 29 21 15
internal_value=0.0115937 0.496199 -0.144123 -0.278097 0.0225896 0.377884 -0.229746 -0.271944 -0.420052 -0.170763 0.313022 0.362246 0.168362 0.291089 -0.501404 -0.065987 -0.0222942 -0.316407 -0.22402 -0.17912 0.252843 0.0620217 -0.125332 -0.0948818
internal_weight=510 124 386 214 172 107 176 148 60 88 85 70 65 51 38 107 80 41 71 56 41 44 36 35
internal_count=510 124 386 214 172 107 176 148 60 88 85 70 65 51 38 107 80 41 71 56 41 44 36 35
is_linear=0
shrinkage=0.03


Tree=85
num_leaves=26
num_cat=0
split_feature=32 31 32 37 87 31 32 25 20 23 92 80 31 32 45 26 77 35 86 78 31 18 82 93 84
split_gain=40253.3 10898.4 7841.54 3034.61 2881.11 2764.51 2100.9 1882.5 1473.04 1455.53 1248.59 1190.13 1080.69 1069.95 1056.78 874.902 857.899 699.45 677.113 573.399 954.741 739.433 425.662 356.009 325.432
threshold=360.33500000000009 206.50000000000003 229.54500000000004 0.67500000000000016 369.43000000000006 168.50000000000003 288.60500000000008 9.1500000000000004 29.500000000000004 6.4500000000000011 385.34500000000008 -41.054999999999993 179.50000000000003 156.41000000000003 326.14500000000004 33.500000000000007 92.430000000000021 0.92170000000000007 0.90060000000000007 87.536450000000016 159.50000000000003 12.250000000000002 -29.187349999999999 343.95140000000004 0.77790000000000015
decision_type=2 2 2 10 10 2 2 2 2 2 10 10 2 2 10 2 10 10 10 10 2 2 10 10 10
left_child=2 4 7 -4 -2 -6 8 13 11 10 -7 -5 18 -1 23 19 -12 -16 -13 22 21 -21 -15 -8 -24
right_child=1 -3 3 6 5 9 14 -9 -10 -11 16 12 -14 15 17 -17 -18 -19 -20 20 -22 -23 24 -25 -26
leaf_value=-0.4418154509499983 0.70184886361753507 1.2146860774410919 -0.4251545710764198 0.066588707341969394 -0.071482831206277159 0.244283219712221 0.33186997319694761 -0.56129779257741907 0.17754078369061371 0.18243261777539346 0.3883680873376586 -0.16952996097210143 -0.023980285909832512 -0.056971073381811649 0.15110365180478141 -0.053180110457390906 0.69479634247426902 -0.13812435229157291 -0.4004666549202025 -0.51029448086903151 -0.14500681965391238 -0.27348379901937531 -0.34193802895947023 0.14430454826424896 -0.14649049883665041
leaf_weight=26 18 14.999999999999998 15.999999999999998 24 15.999999999999998 17 20 22 18 27 14.999999999999998 29 27 15.999999999999998 15.000000000000002 21 19 14.999999999999998 19 24 20 24 16.000000000000004 17 14.999999999999998
leaf_count=26 18 15 16 24 16 17 20 22 18 27 15 29 27 16 15 21 19 15 19 24 20 24 16 17 15
internal_value=-0.00646097 0.456425 -0.159594 -0.0295368 0.354362 0.287468 0.00496274 -0.300906 -0.0717329 0.361116 0.455413 -0.117137 -0.175955 -0.265373 0.13887 -0.23148 0.56042 0.00645053 -0.261295 -0.263989 -0.319769 -0.392328 -0.183 0.246043 -0.247803
internal_weight=511 127 384 200 112 94 184 184 117 78 51 99 75 162 67 136 34 30 48 115 68 48 47 37 31
internal_count=511 127 384 200 112 94 184 184 117 78 51 99 75 162 67 136 34 30 48 115 68 48 47 37 31
is_linear=0
shrinkage=0.03


Tree=86
num_leaves=28
num_cat=0
split_feature=32 31 32 37 87 31 32 29 0 31 23 92 45 80 77 32 74 91 32 68 77 31 81 87 81 75 80
split_gain=37881.1 10256.5 7379.25 2856.91 2711.27 2601.61 2138.04 1493.03 1421.09 1467.55 1369.79 1174.97 892.261 833.2 807.229 771.635 1088.56 1023.98 635.624 623.268 583.674 684.887 576.216 460.469 420.446 350.099 175.268
threshold=360.33500000000009 206.50000000000003 229.54500000000004 0.67900000000000016 369.43000000000006 168.50000000000003 288.60500000000008 10.500000000000002 13.500000000000002 171.50000000000003 6.4500000000000011 385.34500000000008 319.47000000000008 -19.359999999999996 92.430000000000021 164.46000000000004 88.750000000000014 194.48500000000004 188.28500000000003 96.585000000000022 81.597850000000008 134.50000000000003 -35.904299999999999 315.98000000000008 -19.102149999999998 89.080000000000013 -28.449999999999996
decision_type=2 2 2 10 10 2 2 2 2 2 2 10 10 10 10 2 10 10 2 10 10 2 10 10 10 10 10
left_child=2 4 7 -4 -2 -6 8 15 9 13 11 -7 24 -5 -13 22 -17 -18 -9 -14 -19 -22 -1 26 -8 -23 -11
right_child=1 -3 3 6 5 10 12 18 -10 23 -12 14 19 -15 -16 16 17 20 -20 -21 21 25 -24 -25 -26 -27 -28
leaf_value=-0.35344857290015336 0.68085171633479991 1.178366539074337 -0.38864990806336047 -0.12161468551461264 -0.069345024501051858 0.23697622651228803 0.15570051052893957 -0.28353881422467403 0.19266640975096516 0.13086542632096632 0.17696975993140565 0.37675575978732179 0.17260735128409047 -0.38412666616891683 0.67400715925562094 -0.11447453433411532 -0.56886818692533669 -0.12830887163992341 -0.03660188172391788 -0.092281292441391174 -0.49632063235705193 -0.15349222543825736 -0.58017931745199158 -0.12649993386946412 0.3715549171802609 -0.35943513680336087 -0.001922498852217278
leaf_weight=26 18 14.999999999999998 18 24 15.999999999999998 17 18 14.999999999999998 15.999999999999998 14.999999999999995 27 14.999999999999998 14.999999999999998 20 19 24 14.999999999999998 14.999999999999998 25 17 17 15.000000000000002 17 20 14.999999999999998 14.999999999999998 22.000000000000004
leaf_count=26 18 15 18 24 16 17 18 15 16 15 27 15 15 20 19 24 15 15 25 17 17 15 17 20 15 15 22
internal_value=-0.00626582 0.442773 -0.154818 -0.0286526 0.343761 0.278868 0.00704023 -0.291902 -0.0695854 -0.11122 0.350314 0.441791 0.144937 -0.241273 0.543657 -0.336948 -0.291291 -0.346273 -0.129479 0.031914 -0.29198 -0.343992 -0.443691 -0.0106782 0.254275 -0.25694 0.0519739
internal_weight=511 127 384 200 112 94 182 184 117 101 78 51 65 44 34 144 101 77 40 32 62 47 43 57 33 30 37
internal_count=511 127 384 200 112 94 182 184 117 101 78 51 65 44 34 144 101 77 40 32 62 47 43 57 33 30 37
is_linear=0
shrinkage=0.03


Tree=87
num_leaves=26
num_cat=0
split_feature=31 42 46 31 25 42 73 90 0 35 31 74 82 85 72 12 46 9 76 33 67 25 38 72 10
split_gain=28213.8 12042.5 4517.36 4279.86 3246.75 2030.92 1919.8 1734.18 1606.32 1450.47 1400.43 1218.79 1205.52 1172.52 1123.26 1243.69 940.866 919.269 858.729 719.876 627.906 1072.13 617.037 479.094 466.52
threshold=174.50000000000003 66040.37000000001 398.50000000000006 145.50000000000003 9.1500000000000004 37629.410000000011 99.031450000000021 308.42895000000004 28.500000000000004 0.75085000000000013 105.50000000000001 93.70265000000002 -17.028199999999995 0.93410000000000004 93.105000000000004 72.15000000000002 205.93000000000004 18.500000000000004 79.735000000000014 0.97910000000000008 98.035000000000011 7.9500000000000011 0.87195000000000011 95.510000000000005 11.500000000000002
decision_type=2 10 10 2 2 8 10 10 2 10 2 10 10 10 10 2 10 2 10 10 10 2 10 10 10
left_child=3 2 9 4 8 16 12 -7 11 -2 18 24 -4 17 20 -16 -5 -9 -10 -17 -11 -22 -13 -18 -1
right_child=1 -3 6 5 -6 7 -8 13 10 14 -12 22 -14 -15 15 19 23 -19 -20 -21 21 -23 -24 -25 -26
leaf_value=-0.59810747362054462 0.2926101737531408 1.0721128579231591 0.14104806875695988 -0.40457513317837274 -0.62600992121468457 0.26241995867781748 0.68502696008325736 -0.26963121533146017 -0.10558957810713863 0.070207764579325302 0.042443571597516182 -0.1337858673037883 0.44323964708368507 0.14148964198555533 0.32285331387417893 -0.075267209919537004 -0.0098693710070511791 -0.01665698224210484 -0.42187583682544993 0.19385511247818651 0.031648986022049012 -0.32091924342602191 -0.36455570428325196 -0.24958608550387759 -0.36854824467048747
leaf_weight=14.999999999999998 27 14.999999999999998 21.999999999999996 18 24 19 15.999999999999998 24 16.000000000000004 22 25 25 26.000000000000004 19 21 22 15.000000000000002 28 14.999999999999998 14.999999999999998 16.000000000000004 14.999999999999998 18 14.999999999999998 18
leaf_count=15 27 15 22 18 24 19 16 24 16 22 25 25 26 19 21 22 15 28 15 15 16 15 18 15 18
internal_value=-0.00607803 0.253355 0.192299 -0.19758 -0.305217 -0.0758259 0.400534 0.00823008 -0.246665 0.0956049 -0.124545 -0.336488 0.305057 -0.0599083 0.047561 0.138741 -0.233307 -0.13359 -0.259113 0.0339103 -0.0522297 -0.139142 -0.230733 -0.129993 -0.473686
internal_weight=511 217 202 294 156 138 64 90 132 138 56 76 48 71 111 58 48 52 31 37 53 31 43 30 33
internal_count=511 217 202 294 156 138 64 90 132 138 56 76 48 71 111 58 48 52 31 37 53 31 43 30 33
is_linear=0
shrinkage=0.03


Tree=88
num_leaves=25
num_cat=0
split_feature=32 32 32 78 25 88 87 22 32 45 94 7 32 26 57 37 33 88 46 85 10 69 13 28
split_gain=33847.4 9101.31 6521.96 2658.2 1594.18 1409.61 1407.66 1341.88 1173.06 1058.4 1019.99 1295.58 885.65 765.761 631.785 616.9 1405.82 591.1 495.496 962.748 480.768 582.196 411.715 208.253
threshold=360.33500000000009 512.6350000000001 229.54500000000004 82.315700000000007 9.1500000000000004 239.31500000000003 369.43000000000006 7.7500000000000009 295.56500000000005 342.77500000000003 354.30965000000009 502.00000000000006 156.41000000000003 33.500000000000007 1.0000000180025095e-35 0.92265000000000008 0.76950000000000018 353.78500000000003 164.74000000000004 0.83440000000000014 15.500000000000002 92.188600000000022 67.750000000000014 18.500000000000004
decision_type=2 2 2 10 2 10 10 2 2 10 10 2 2 2 2 10 10 10 10 10 10 10 2 2
left_child=2 6 4 -4 12 -5 -2 10 9 15 11 -8 -1 14 18 16 -7 -10 -14 -20 -21 -22 -18 -17
right_child=1 -3 3 5 -6 8 7 -9 17 -11 -12 -13 13 -15 -16 23 22 -19 19 20 21 -23 -24 -25
leaf_value=-0.4030297995437358 0.5694324535918025 1.0637398685562995 -0.31675079302159609 0.25727767148355796 -0.5148156587120627 0.084238753525858426 0.07767542358969344 0.039377754269544436 0.22485020713741274 -0.30174021782669114 0.48941104787798778 0.38317741716995496 -0.43291254295463177 -0.044855890409963427 -0.088424013338778681 0.15633005345778606 -0.28148497448050275 0.0049768109062091025 -0.075041084443630821 -0.4550143318556471 -0.33749051388572243 -0.10530424851491008 -0.079034286543380378 0.0050099252449178301
leaf_weight=26 17 17 25 19 22 26 22 18 22 14.999999999999998 24 29 14.999999999999998 21 20 14.999999999999998 23 22 22 14.999999999999998 28 14.999999999999998 14.999999999999998 18
leaf_count=26 17 17 25 19 22 26 22 18 22 15 24 29 15 21 20 15 23 22 22 15 28 15 15 18
internal_value=-0.00589655 0.418562 -0.146317 -0.0277058 -0.275192 0.0136564 0.3184 0.272215 -0.0160787 -0.0676463 0.328013 0.251627 -0.242493 -0.211654 -0.242067 -0.031294 -0.0856093 0.115078 -0.274333 -0.244329 -0.308396 -0.256747 -0.201819 0.0739696
internal_weight=511 127 384 200 184 175 110 93 156 112 75 51 162 136 115 97 64 44 95 80 58 43 38 33
internal_count=511 127 384 200 184 175 110 93 156 112 75 51 162 136 115 97 64 44 95 80 58 43 38 33
is_linear=0
shrinkage=0.03


Tree=89
num_leaves=26
num_cat=0
split_feature=32 31 31 25 87 31 32 32 25 50 75 69 32 32 87 33 18 72 72 84 45 79 80 14 40
split_gain=31852.1 9377.92 6224.97 2723.67 2459.72 2271.76 1865.54 1802.89 1743.97 1422.68 1044.47 1058.07 1005.93 992.154 813.528 690.87 1003.6 556.292 512.498 495.485 447.696 418.408 341.463 266.794 195.643
threshold=360.33500000000009 206.50000000000003 160.50000000000003 9.1500000000000004 369.43000000000006 186.50000000000003 261.72000000000008 201.90500000000003 7.9500000000000011 185.95895000000004 75.530000000000015 91.728600000000014 156.41000000000003 307.10500000000008 313.68000000000001 0.84085000000000021 9.4500000000000011 98.00500000000001 94.485000000000014 0.94545000000000012 208.79000000000002 -19.829999999999995 -19.914999999999996 0.006000000000000001 63890.310000000005
decision_type=2 2 2 2 10 2 2 2 2 10 10 10 2 2 10 8 2 10 10 10 10 10 8 2 10
left_child=2 4 3 6 -2 8 9 -4 -6 -1 -9 -12 -11 14 21 17 -17 20 -16 -7 -14 -13 -22 -18 -21
right_child=1 -3 7 -5 5 19 -8 10 -10 12 11 13 15 -15 18 16 23 -19 -20 24 22 -23 -24 -25 -26
leaf_value=-0.007290246171546993 0.6324136451869129 1.1093958299659019 -0.27682427095356127 -0.53914135284021114 0.29331121685053047 0.26714892927250661 0.062214379286825515 0.24002083462691368 -0.08929715750274328 -0.5099998637924954 -0.17897531994802507 -0.027105236364646512 -0.33924146654486936 0.20302224857543041 -0.2510480113341429 -0.52874251876478984 -0.32650472805222536 -0.023979189451350719 -0.01098019287965008 0.37920799483492512 -0.072453365352345298 0.13986874664690402 -0.26320413688911454 -0.17598776814888933 0.53480188637136294
leaf_weight=20 18 14.999999999999998 20 26 20 20 20 18 23 14.999999999999998 25 26 21 25 15.999999999999998 15.999999999999998 21 14.999999999999998 15.999999999999998 15.000000000000002 18 28 15.999999999999998 22 15.999999999999998
leaf_count=20 18 15 20 26 20 20 20 18 23 15 25 26 21 25 16 16 21 15 16 15 18 28 16 22 16
internal_value=-0.0057199 0.406037 -0.141939 -0.251868 0.311371 0.249576 -0.211131 -0.00922379 0.0887594 -0.244484 0.0255984 -0.00284785 -0.277403 0.0368697 -0.0115029 -0.250158 -0.325873 -0.186133 -0.131265 0.384916 -0.230268 0.0594954 -0.162517 -0.249825 0.460295
internal_weight=511 127 384 210 112 94 184 174 43 164 154 136 144 111 86 129 59 70 32 51 55 54 34 43 31
internal_count=511 127 384 210 112 94 184 174 43 164 154 136 144 111 86 129 59 70 32 51 55 54 34 43 31
is_linear=0
shrinkage=0.03


Tree=90
num_leaves=27
num_cat=0
split_feature=32 32 32 31 78 92 35 35 82 31 43 78 84 29 39 32 32 47 73 80 31 18 7 80 94 38
split_gain=35469.4 8645.65 5924.82 2899.95 2017.68 1438.64 1678.54 1352.87 1293.07 1175.59 1145.89 1118.18 838.972 876.212 811.753 840.62 460.113 638.747 508.37 425.189 412.282 515.612 307.217 327.703 261.932 157.823
threshold=356.92000000000002 517.97500000000014 244.09000000000003 93.500000000000014 82.315700000000007 263.40500000000003 0.99275000000000013 0.83275000000000021 -8.8462499999999995 189.50000000000003 48717.848600000005 92.387700000000009 0.83115000000000017 6.5000000000000009 37736.460000000006 289.39500000000004 201.90500000000003 227.45000000000002 87.497150000000019 15.355000000000002 170.50000000000003 9.4500000000000011 564.00000000000011 -34.334999999999994 293.38695000000001 0.85380000000000011
decision_type=2 2 2 2 10 10 10 8 8 2 10 10 10 2 10 2 2 10 10 8 2 2 2 10 10 10
left_child=2 5 3 -1 -4 -2 9 16 14 11 -11 -7 13 -9 19 -16 18 -18 -5 22 21 -14 23 -6 -19 -23
right_child=1 -3 4 7 8 6 -8 12 -10 10 -12 -13 20 -15 15 -17 17 24 -20 -21 -22 25 -24 -25 -26 -27
leaf_value=-0.58089345666971448 0.56061199567449371 1.0412507339516692 -0.32302178971121237 -0.24235084180310895 0.24730707052712131 -0.046196898289927395 0.51637807417935255 -0.15489912860975491 -0.21223812005736611 0.51413144251646414 0.17944404752235713 0.24785872392599503 -0.39041932530577395 0.14597464846673411 -0.13425536826332624 0.10745974149872507 -0.089273133446851102 -0.22180148555590856 -0.4375203041447624 0.27537730665301952 -0.08910808744502946 -0.24870187311927591 -0.0022845223851091279 0.06282616048347292 -0.40095810734156351 -0.12359228110670152
leaf_weight=21 19 17 15.999999999999998 21 15.999999999999995 21 21 19 17 18 19 26 14.999999999999998 15.999999999999998 28 24 19 15.000000000000002 29 14.999999999999998 23 17 19 19.000000000000004 14.999999999999998 20
leaf_count=21 19 17 16 21 16 21 21 19 17 18 19 26 15 16 28 24 19 15 29 15 23 17 19 19 15 20
internal_value=0.000743521 0.407597 -0.148678 -0.245086 -0.00464843 0.320328 0.276587 -0.211206 0.0323572 0.21635 0.34278 0.116531 -0.13867 -0.017302 0.0668077 -0.0226697 -0.291677 -0.225814 -0.355903 0.134229 -0.195238 -0.242021 0.0947751 0.147436 -0.311948 -0.181374
internal_weight=525 141 384 230 154 124 105 209 138 84 37 47 110 35 121 52 99 49 50 69 75 52 54 35 30 37
internal_count=525 141 384 230 154 124 105 209 138 84 37 47 110 35 121 52 99 49 50 69 75 52 54 35 30 37
is_linear=0
shrinkage=0.03


Tree=91
num_leaves=26
num_cat=0
split_feature=32 32 32 31 78 92 35 35 82 31 37 78 57 41 31 47 32 31 31 18 36 0 38 42 7
split_gain=33378.8 8136.21 5575.64 2736.67 1898.81 1353.81 1579.53 1311.21 1216.88 1106.33 1090.49 1052.24 773.383 773.064 909.957 676.687 935.137 636.69 594.872 536.395 403.176 311.712 304.667 256.934 256.687
threshold=356.92000000000002 517.97500000000014 244.09000000000003 92.500000000000014 82.315700000000007 263.40500000000003 0.99275000000000013 0.8258000000000002 -8.8462499999999995 189.50000000000003 0.93235000000000012 92.387700000000009 1.0000000180025095e-35 14151.695000000002 162.50000000000003 242.30000000000004 288.60500000000008 136.50000000000003 187.50000000000003 9.4500000000000011 0.76775000000000004 2.5000000000000004 0.85040000000000016 48300.69000000001 474.00000000000006
decision_type=2 2 2 2 10 10 10 8 8 2 10 10 2 10 2 10 2 2 2 2 10 2 10 8 2
left_child=2 5 3 -1 -4 -2 9 12 15 11 -11 -7 17 -9 19 23 18 -5 -17 -15 -16 -18 -21 -6 -19
right_child=1 -3 4 7 8 6 -8 13 -10 10 -12 -13 -14 14 20 16 21 24 -20 22 -22 -23 -24 -25 -26
leaf_value=-0.59256286348992759 0.54383777869967953 1.0101048427453139 -0.31336132390476829 -0.45755248356722067 0.088278821045378111 -0.044814283869045644 0.50092353055143013 0.053909813711576368 -0.20588965120465874 0.50899740690359963 0.18155420054224064 0.24043723657355423 -0.12300340836036236 -0.40085993950153104 -0.15798693009742776 -0.16318586912921967 0.021201627995611282 -0.34946877447115321 0.059206864860249356 -0.2790928434731062 0.029992163736293542 0.18651921732183149 -0.12003539125537675 0.25692081171885089 -0.21239613063979679
leaf_weight=18 19 17 15.999999999999998 25 14.999999999999998 21 21 15.999999999999998 17 17 20 26 20 14.999999999999998 20 27 17 22 18 20 21 26 24 18 29
leaf_count=18 19 17 16 25 15 21 21 16 17 17 20 26 20 15 20 27 17 22 18 20 21 26 24 18 29
internal_value=0.000721276 0.395402 -0.144229 -0.237754 -0.00450848 0.310743 0.268311 -0.207489 0.0313902 0.209876 0.332525 0.11304 -0.289519 -0.139493 -0.170464 0.0648107 0.0213097 -0.33321 -0.0742285 -0.24587 -0.0617492 0.121296 -0.192603 0.18056 -0.271839
internal_weight=525 141 384 230 154 124 105 212 138 84 37 47 96 116 100 121 88 76 45 59 41 43 44 33 51
internal_count=525 141 384 230 154 124 105 212 138 84 37 47 96 116 100 121 88 76 45 59 41 43 44 33 51
is_linear=0
shrinkage=0.03


Tree=92
num_leaves=27
num_cat=0
split_feature=31 87 46 31 30 7 3 0 31 46 28 31 84 83 74 31 39 23 79 90 18 80 33 33 41 31
split_gain=22562.3 11642.7 3809.05 3511.69 2129.5 1674.87 1458.74 1422.24 2135.92 1567.45 1458.02 1342.95 1293.98 1198.28 945.565 924.602 847.733 558.675 500.057 571.057 422.984 422.307 402.286 385.105 273.405 221.438
threshold=175.50000000000003 559.73000000000013 398.50000000000006 93.500000000000014 7.5000000000000009 372.00000000000006 8.5000000000000018 23.500000000000004 134.50000000000003 190.13500000000002 6.5000000000000009 161.50000000000003 0.91785000000000017 0.94810000000000005 93.778750000000016 183.50000000000003 36127.05000000001 6.4500000000000011 -26.864999999999998 308.42895000000004 12.550000000000002 -21.549999999999994 0.89695000000000003 0.89910000000000012 34444.280000000006 194.50000000000003
decision_type=2 10 10 2 2 2 2 2 2 10 2 2 10 10 10 2 10 2 10 10 2 8 10 10 10 2
left_child=3 2 6 -1 7 -4 15 8 14 -10 -11 -6 -8 -7 -5 16 -2 23 22 -20 -9 25 -12 -17 -21 -19
right_child=1 -3 5 4 11 13 12 20 9 10 18 -13 -14 -15 -16 17 -18 21 19 24 -22 -23 -24 -25 -26 -27
leaf_value=-0.54643142301509606 0.03032476265599408 1.0301350511823382 0.096780208639385412 -0.51567431604076996 -0.12001145739617421 0.61466393724473234 0.45929196940704037 -0.13410669719063956 -0.38921853321750144 0.084855662749047017 0.0085868203907536137 0.20382393594936277 0.097887019606269124 0.31589289981301188 -0.24806396445586726 0.073583147201031138 -0.27095823096278493 -0.12730121291158997 -0.065406538228259925 -0.3479209658410593 0.072185020104152009 0.14896235191148774 -0.18667426649553293 0.28550492783573178 -0.19194295789726554 0.032869803384642737
leaf_weight=21 19 14.999999999999998 17 25 23 21 14.999999999999998 14.999999999999998 22 26 20 23 22 29 23 15.000000000000002 14.999999999999998 15.000000000000002 14.999999999999998 24 22 14.999999999999998 18 15.999999999999998 18 15.999999999999998
leaf_count=21 19 15 17 25 23 21 15 15 22 26 20 23 22 29 23 15 15 15 15 24 22 15 18 16 18 16
internal_value=0.000700298 0.223407 0.166891 -0.172939 -0.144214 0.354489 0.0818633 -0.181774 -0.214745 -0.156508 -0.114042 0.0419192 0.244865 0.441895 -0.387867 0.02743 -0.102753 0.0849622 -0.168509 -0.224705 -0.0114744 0.0185355 -0.0839896 0.183294 -0.281417 -0.0446642
internal_weight=525 230 215 295 274 67 148 228 191 143 121 46 37 50 48 111 34 77 95 57 37 46 38 31 42 31
internal_count=525 230 215 295 274 67 148 228 191 143 121 46 37 50 48 111 34 77 95 57 37 46 38 31 42 31
is_linear=0
shrinkage=0.03


Tree=93
num_leaves=28
num_cat=0
split_feature=32 32 32 31 78 32 30 39 20 35 82 39 32 47 32 10 42 35 32 36 93 41 75 22 81 75 91
split_gain=29830.6 7521.78 4960.85 2423.86 1714.54 1198.53 1515.33 1187.53 1218.76 1174.05 1103.68 732.368 729.99 708.723 803.786 737.919 684.359 494.058 343.171 588.531 481.915 449.056 343.167 476.402 339.683 250.544 208.308
threshold=356.92000000000002 517.97500000000014 244.09000000000003 92.500000000000014 82.315700000000007 452.49500000000006 12.500000000000002 44809.17500000001 14.500000000000002 0.83275000000000021 -8.7437499999999968 37736.460000000006 289.39500000000004 249.92000000000004 209.09000000000003 12.500000000000002 61507.395000000011 0.92340000000000011 201.90500000000003 0.88770000000000004 191.54855000000003 21978.475000000002 95.885000000000005 7.8500000000000005 -11.915699999999999 86.450000000000003 202.92000000000004
decision_type=2 2 2 2 10 2 2 10 2 8 10 10 2 10 2 10 8 10 2 8 10 10 10 2 8 10 10
left_child=2 5 3 -1 -4 7 -7 -2 17 18 11 22 -13 15 -15 -11 -10 -9 20 -20 -5 -21 23 25 -16 -6 -17
right_child=1 -3 4 9 10 6 -8 8 16 13 -12 12 -14 14 24 26 -18 -19 19 21 -22 -23 -24 -25 -26 -27 -28
leaf_value=-0.55848768548622019 0.48254398339610555 0.96482422271781643 -0.29804022039347716 -0.23374249298146954 0.097619080265768529 0.65691332095137245 0.23609347120075921 -0.062634561766817712 0.46846967335951284 0.091896055218138886 -0.1964163770983296 -0.12758552793513006 0.097662134412172683 -0.39287016952552661 -0.060173183164989617 -0.22016195281498455 0.20933224766021455 0.1565421096277336 -0.063318983160446735 -0.16767693426007421 -0.41935928832984964 -0.38710010961812619 0.25224761921702032 0.22703758168443341 -0.24030778154034477 -0.058171434012528889 -0.074888114921089752
leaf_weight=18 14.999999999999998 17 15.999999999999998 26 22 16.000000000000004 14.999999999999998 14.999999999999998 14.999999999999998 20 17 28 24 14.999999999999998 23 14.999999999999998 24 24 15.999999999999998 15.999999999999998 25 18 14.999999999999998 15.999999999999998 15.999999999999998 15.999999999999998 22
leaf_count=18 15 17 16 26 22 16 15 15 15 20 17 28 24 15 23 15 24 24 16 16 25 18 15 16 16 16 22
internal_value=0.000680637 0.373795 -0.136349 -0.224567 -0.00455576 0.292399 0.454047 0.238285 0.191013 -0.196083 0.0295562 0.0613848 -0.0236023 -0.128621 -0.206469 -0.0547275 0.309511 0.0722327 -0.27011 -0.213739 -0.325082 -0.284284 0.125425 0.0899686 -0.134326 0.0319934 -0.134041
internal_weight=525 141 384 230 154 124 31 93 78 212 138 121 52 111 54 57 39 39 101 50 51 34 69 54 39 38 37
internal_count=525 141 384 230 154 124 31 93 78 212 138 121 52 111 54 57 39 39 101 50 51 34 69 54 39 38 37
is_linear=0
shrinkage=0.03


Tree=94
num_leaves=29
num_cat=0
split_feature=32 32 32 78 31 73 92 35 31 43 78 35 46 47 32 25 84 91 31 72 2 26 80 35 14 78 81 32
split_gain=28072.9 7078.45 4676.34 2122.52 2090.3 1342.38 1189.86 1405.24 984.136 1017.77 939.069 837.442 943.92 721.354 1037.46 658.938 545.308 658.567 502.711 380.413 367.435 329.094 291.702 261.82 257.458 207.734 206.199 152.301
threshold=356.92000000000002 517.97500000000014 229.54500000000004 81.70095000000002 89.000000000000014 100.6743 263.40500000000003 0.99275000000000013 189.50000000000003 48717.848600000005 92.387700000000009 0.8258000000000002 235.99500000000003 242.30000000000004 288.60500000000008 8.2500000000000018 0.95595000000000019 275.75500000000005 135.50000000000003 95.38000000000001 2.5000000000000004 31.500000000000004 -8.3449999999999989 0.8702000000000002 1.0000000180025095e-35 86.150900000000021 -25.204999999999995 218.50000000000003
decision_type=2 2 2 10 2 10 10 10 2 10 10 8 10 10 2 2 10 10 2 10 2 2 10 10 2 10 10 2
left_child=2 6 4 -4 -1 13 -2 8 10 -10 -8 20 15 21 16 -13 17 19 -14 -15 24 -5 26 -17 -6 -22 -16 -20
right_child=1 -3 3 5 11 -7 7 -9 9 -11 -12 12 18 14 22 23 -18 -19 27 -21 25 -23 -24 -25 -26 -27 -28 -29
leaf_value=-0.57567575245600588 0.50216296500108371 0.93596441359813609 -0.34581708434739766 0.24877770832606722 -0.15186272424868386 -0.2657198736675554 -0.051651919811185353 0.46326913538001774 0.46590276258473906 0.15057981548816199 0.21781003359869663 0.095139208465727196 -0.38731976421172432 0.069583417038584852 -0.02888342717755276 -0.041575803099280571 0.066996403894116804 -0.25339816485943434 -0.24392600331195557 -0.14035753983203497 -0.27558240794243904 0.074495375997879934 0.21172967201055481 -0.21148999844726762 -0.29311159411117982 -0.42223630590782268 0.1281459338878872 -0.11008735585435528
leaf_weight=14.999999999999998 19 17 17 14.999999999999998 24 14.999999999999998 21 21 18 19 26 17 14.999999999999998 15.000000000000002 14.999999999999998 14.999999999999998 17 22 15.000000000000002 15.999999999999998 18 28 14.999999999999998 18 23 18 15.000000000000002 15.999999999999998
leaf_count=15 19 17 17 15 24 15 21 21 18 19 26 17 15 15 15 15 17 22 15 16 18 28 15 18 23 18 15 16
internal_value=0.000660877 0.362616 -0.132271 -0.0264603 -0.235858 0.00500375 0.283654 0.24388 0.188772 0.304442 0.0974533 -0.20722 -0.146722 0.0307908 -0.00840692 -0.0563634 -0.0806445 -0.128048 -0.244737 -0.0387764 -0.277046 0.135545 0.103894 -0.134481 -0.221254 -0.349435 0.0496639 -0.175185
internal_weight=525 141 384 190 194 173 124 105 84 37 47 179 96 158 115 50 70 53 46 31 83 43 45 33 47 36 30 31
internal_count=525 141 384 190 194 173 124 105 84 37 47 179 96 158 115 50 70 53 46 31 83 43 45 33 47 36 30 31
is_linear=0
shrinkage=0.03


Tree=95
num_leaves=27
num_cat=0
split_feature=32 32 33 5 32 50 26 38 33 75 33 25 80 1 35 9 50 77 78 71 32 32 1 47 75 70
split_gain=19143.8 6153.69 6211.84 2136.62 1786.22 1418.43 1601.52 1081.71 917.641 844.104 779.827 754.758 775.371 667.467 651.978 736.033 632.919 514.536 550.179 438.383 416.558 380.568 377.557 335.361 248.036 227.254
threshold=268.62500000000006 445.79500000000002 0.92575000000000007 46.500000000000007 185.06500000000003 214.24715 37.500000000000007 0.94285000000000008 0.92280000000000018 101.43000000000002 0.93495000000000006 9.1500000000000004 -19.914999999999996 127.50000000000001 0.95365000000000011 14.500000000000002 332.54645000000005 88.595000000000013 85.880400000000009 98.305000000000021 303.91000000000003 156.41000000000003 142.50000000000003 260.4500000000001 88.420000000000016 95.159450000000007
decision_type=2 2 10 2 2 10 2 10 8 10 8 2 8 2 10 2 10 10 10 8 2 2 2 10 10 10
left_child=4 3 -3 7 8 10 11 9 13 14 -6 12 16 -1 20 -16 17 18 -7 25 -2 -15 -22 -8 -24 -14
right_child=1 2 -4 -5 5 6 23 -9 -10 -11 -12 -13 19 21 15 -17 -18 -19 -20 -21 22 -23 24 -25 -26 -27
leaf_value=-0.11318569674581086 0.031035085341282312 0.95744651956642124 0.235183972040265 -0.227927417953149 -0.09986019136749695 -0.010577458968260421 0.12704457548177128 -0.0887923839159101 -0.50152479479246037 0.024934965702424563 0.19149798352697378 -0.40726335108478195 -0.15336879251577332 -0.42181160451137456 0.41852061458185413 0.18411107962334772 -0.25908701557444846 0.060531100015940621 -0.24852905503270367 -0.40650840679276418 0.075884833140107535 -0.23241017458274638 0.33097360090775918 -0.070070282945601248 0.1700475136155567 -0.29887371911331351
leaf_weight=22 20 17 29 14.999999999999998 15.999999999999998 17 16.000000000000004 15.999999999999998 15.999999999999998 29 17 14.999999999999998 23 18 22 27 21 19 18 14.999999999999998 17 21 17 14.999999999999998 18 17
leaf_count=22 20 17 29 15 16 17 16 16 16 29 17 15 23 18 22 27 21 19 18 15 17 21 17 15 18 17
internal_value=-0.0124547 0.193225 0.502889 0.1144 -0.175714 -0.130141 -0.163977 0.145401 -0.29923 0.170413 0.0502507 -0.20581 -0.182406 -0.245777 0.205243 0.289706 -0.1195 -0.0649987 -0.133175 -0.267973 0.147579 -0.320293 0.192302 0.0316589 0.248615 -0.215542
internal_weight=513 227 46 181 286 209 176 166 77 150 33 145 130 61 121 49 75 54 35 55 72 39 52 31 35 40
internal_count=513 227 46 181 286 209 176 166 77 150 33 145 130 61 121 49 75 54 35 55 72 39 52 31 35 40
is_linear=0
shrinkage=0.03


Tree=96
num_leaves=25
num_cat=0
split_feature=32 32 75 31 31 1 0 32 38 31 32 44 40 84 26 5 84 13 39 18 93 38 94 15
split_gain=18015.6 5790.95 4029.48 2725.11 1789.56 1836.54 1580.93 1181.13 1062.69 883.119 852.732 955.392 953.198 650.474 645.822 599.001 494.724 467.443 449.286 384.773 353.607 312.137 302.757 125.22
threshold=268.62500000000006 445.79500000000002 91.705000000000013 153.50000000000003 105.50000000000001 90.000000000000014 34.500000000000007 156.41000000000003 0.94285000000000008 159.50000000000003 365.24000000000007 32313.982850000004 51509.840000000004 0.9507500000000001 38.500000000000007 31.500000000000004 0.85020000000000018 53.500000000000007 28772.300000000003 7.8500000000000005 308.86500000000007 0.90905000000000014 288.64570000000009 1.0000000180025095e-35
decision_type=2 2 10 2 2 2 2 2 10 2 2 10 10 10 2 2 8 2 10 2 10 10 10 2
left_child=4 3 -3 -2 5 -1 7 -6 10 15 11 -5 -12 -14 19 16 23 -13 -18 -11 -17 -19 -21 -9
right_child=1 2 -4 8 6 -7 -8 9 -10 14 12 17 13 -15 -16 20 18 21 -20 22 -22 -23 -24 -25
leaf_value=-0.089504113227268242 -0.2756181223289515 0.85405945210600165 0.27201157526387199 0.32721553797737701 -0.40765190059893591 -0.49273950089107854 0.14019946386387619 -0.17411637587980788 -0.086136909533883921 -0.025606377422190008 0.40353989005336638 -0.043729653170103841 0.030306221502639577 0.27613432236352042 0.051673913323725 -0.38798023163802975 0.025743627191528558 0.19469724904970417 -0.16598048802987167 -0.093731094244823315 -0.19176489714174175 0.041565883874645354 -0.25339920733250726 -0.28773355007171625
leaf_weight=15.999999999999998 14.999999999999998 17 29 14.999999999999998 15.999999999999998 28 17 17 15.999999999999998 24 24 24 18 21 27 19 19 24 26 21 14.999999999999998 24 22 19
leaf_count=16 15 17 29 15 16 28 17 17 16 24 24 24 18 21 27 19 19 24 26 21 15 24 22 19
internal_value=-0.0120834 0.187443 0.487843 0.110976 -0.170459 -0.346411 -0.138397 -0.159479 0.145991 -0.14038 0.170782 0.109782 0.254842 0.162898 -0.0720898 -0.196132 -0.151572 0.0642669 -0.0850583 -0.121988 -0.301867 0.118286 -0.175656 -0.234439
internal_weight=513 227 46 181 286 44 242 225 166 209 150 87 63 39 94 115 81 72 45 67 34 48 43 36
internal_count=513 227 46 181 286 44 242 225 166 209 150 87 63 39 94 115 81 72 45 67 34 48 43 36
is_linear=0
shrinkage=0.03


Tree=97
num_leaves=26
num_cat=0
split_feature=31 84 29 46 67 76 31 72 46 0 40 12 12 10 33 47 67 26 31 37 35 27 31 23 23
split_gain=16443.4 7102.25 2757.47 1868.02 1537.08 1370.29 1129.46 1499.43 1485.17 1040.47 955.673 1237.31 951.99 883.75 866.259 751.39 534.798 522.191 492.309 471.207 470.672 318.594 235.031 170.268 190.151
threshold=175.50000000000003 0.98225000000000018 19.500000000000004 418.61500000000007 101.30500000000002 93.165000000000006 105.50000000000001 86.155000000000015 190.13500000000002 21.500000000000004 55737.500000000007 74.350000000000009 69.350000000000009 7.5000000000000009 0.69910000000000017 265.67000000000002 94.770000000000024 31.500000000000004 189.50000000000003 0.83995000000000009 0.81270000000000009 13.500000000000002 159.50000000000003 7.0500000000000007 5.9500000000000011
decision_type=2 10 2 8 10 8 2 10 10 2 10 2 2 8 10 10 10 2 2 10 10 2 2 2 2
left_child=2 4 3 6 10 -4 7 -1 21 14 12 -12 15 -5 -10 -2 19 -14 -6 -16 -21 -8 -18 24 -19
right_child=1 -3 5 13 18 -7 8 -9 9 -11 11 -13 17 -15 16 -17 22 23 -20 20 -22 -23 -24 -25 -26
leaf_value=-0.12202092085678207 0.10744130926670821 0.75783681432296024 -0.067645676656473197 -0.52138625842971986 -0.10762187904478854 0.29029848104325401 -0.22021282352339891 -0.52693918388580596 0.037611531184748671 0.14172486358713882 0.096685497443252624 0.43237707302803724 0.19659850509799254 -0.23823724499367119 -0.32434314867662983 0.3919588091992956 -0.12751965663569215 -0.02176945746539043 0.084326267827325441 -0.28441325689867081 -0.074725236356148222 -0.40125239911480476 0.015763744234689167 -0.059100631040947454 0.11931996367370101
leaf_weight=17 14.999999999999998 18 24 20 24 15.999999999999998 20 15.999999999999998 27 15.999999999999998 15.999999999999998 26 22 20 21 19 26 14.999999999999998 24 14.999999999999998 27 15.999999999999998 17 15.999999999999998 20
leaf_count=17 15 18 24 20 24 16 20 16 27 16 16 26 22 20 21 19 26 15 24 15 27 16 17 16 20
internal_value=-0.0117221 0.188212 -0.155982 -0.191912 0.135978 0.0756782 -0.157255 -0.31889 -0.128336 -0.0864824 0.183527 0.304797 0.135791 -0.380323 -0.11399 0.266823 -0.152619 0.0746019 -0.0116287 -0.208282 -0.149899 -0.301161 -0.0708854 0.0218055 0.0588655
internal_weight=513 215 298 258 197 40 218 33 185 149 149 42 107 40 133 34 106 73 48 63 42 36 43 51 35
internal_count=513 215 298 258 197 40 218 33 185 149 149 42 107 40 133 34 106 73 48 63 42 36 43 51 35
is_linear=0
shrinkage=0.03


Tree=98
num_leaves=28
num_cat=0
split_feature=32 32 33 31 31 0 31 38 32 40 44 79 46 1 30 48 45 9 80 45 21 90 12 43 43 38 13
split_gain=16163 5280.4 5514.65 2433.17 1588.01 1417.36 1153.28 988.973 768.167 894.575 884.58 610.69 549.944 805.685 509.942 489.67 449.143 437.776 559.183 520.717 364.038 356.921 424.669 290.395 258.07 254.264 106.822
threshold=268.62500000000006 445.79500000000002 0.92575000000000007 153.50000000000003 95.500000000000014 41.000000000000007 159.50000000000003 0.94285000000000008 365.24000000000007 51509.840000000004 32313.982850000004 -1.6199999999999999 166.02500000000001 128.50000000000003 9.5000000000000018 251.12500000000003 330.96500000000009 5.5000000000000009 -13.184999999999997 246.78000000000003 7.8500000000000005 329.46140000000008 58.550000000000004 40850.671450000002 36121.137150000002 0.81425000000000003 59.45000000000001
decision_type=2 2 10 2 2 2 2 10 2 10 10 10 8 2 2 10 10 2 8 10 2 10 2 10 10 10 2
left_child=4 3 -3 -2 -1 6 12 8 10 -10 -5 -11 -6 -14 17 21 23 -8 19 20 -19 24 -23 -12 25 -15 -25
right_child=1 2 -4 7 5 -7 14 -9 9 11 16 -13 13 15 -16 -17 -18 18 -20 -21 -22 22 -24 26 -26 -27 -28
leaf_value=-0.38480224210332764 -0.26069841969448859 0.892750038765043 0.21225158699613425 0.31292358928344571 -0.37725482913935288 0.11756151256964147 -0.23731536048270985 -0.086239443504921742 0.38543035710427959 0.2620401744420624 0.01520956381866476 0.023867228440630796 -0.009956937906310314 -0.18015998342290615 0.08318138944746252 -0.082428328582621002 -0.049338346709398281 0.015630155488898186 -0.21631959367707326 0.1228213111039634 -0.19307149653022865 -0.42168775423305238 -0.2139131863109352 0.10850675534172309 -0.10417697920302842 -0.33693911775250296 0.22085082739313072
leaf_weight=26 14.999999999999998 17 29 14.999999999999998 15.999999999999998 18 18 15.999999999999998 24 21 18 18 19 23 14.999999999999998 19 23 15.000000000000002 17 15.999999999999998 14.999999999999998 19 17 15.000000000000002 17 15.999999999999998 15.999999999999998
leaf_count=26 15 17 29 15 16 18 18 16 24 21 18 18 19 23 15 19 23 15 17 16 15 19 17 15 17 16 16
internal_value=-0.0113718 0.177617 0.464469 0.104599 -0.161384 -0.138966 -0.158073 0.137685 0.161602 0.241385 0.103704 0.152324 -0.211178 -0.190589 -0.0772267 -0.221476 0.0599093 -0.106983 -0.0695632 -0.0151186 -0.0888184 -0.250116 -0.324046 0.111217 -0.202315 -0.244867 0.166801
internal_weight=513 227 46 181 286 260 242 166 150 63 87 39 146 130 96 111 72 81 63 46 30 92 36 49 56 39 31
internal_count=513 227 46 181 286 260 242 166 150 63 87 39 146 130 96 111 72 81 63 46 30 92 36 49 56 39 31
is_linear=0
shrinkage=0.03


Tree=99
num_leaves=25
num_cat=0
split_feature=32 32 33 31 37 32 68 38 59 32 40 44 84 46 34 73 32 84 13 32 44 5 84 71
split_gain=15210.3 4969.12 5189.75 2289.82 1523.94 1169.17 1625.2 930.711 771.458 722.817 841.771 832.457 578.295 563.216 519.444 467.754 585.552 511.775 421.459 343.715 323.141 337.673 307.173 202.521
threshold=268.62500000000006 445.79500000000002 0.92575000000000007 153.50000000000003 0.64895000000000003 185.06500000000003 111.51000000000001 0.94285000000000008 1.0000000180025095e-35 365.24000000000007 51509.840000000004 32313.982850000004 0.9507500000000001 342.77500000000003 0.72400000000000009 100.855 232.05000000000004 0.88370000000000004 53.500000000000007 166.44000000000003 30281.486600000004 28.500000000000004 0.90210000000000012 94.845000000000013
decision_type=2 2 10 2 8 2 8 10 2 2 10 10 10 10 10 10 2 10 2 2 10 2 10 10
left_child=4 3 -3 -2 -1 8 13 9 14 11 -11 -5 -12 15 -6 16 20 -18 -13 -16 -7 -22 -20 -19
right_child=1 2 -4 7 5 6 -8 -9 -10 10 12 18 -14 -15 19 -17 17 23 22 -21 21 -23 -24 -25
leaf_value=-0.44070638509554277 -0.25290344795515368 0.86604607928882937 0.20589500338608549 0.30356707109961389 -0.062417168769780103 -0.071304632806100374 0.1234025789734846 -0.083660320744057673 -0.42097476499171543 0.3738914881228409 0.02276222187726451 -0.04442272794965399 0.25453289182622185 -0.28066409063452497 -0.34332881529500159 -0.27402201703220502 -0.13346503475005247 -0.041959197688325539 0.19535302831554638 -0.15024371082204521 -0.29964425387344956 -0.1364176869361618 0.042278944004926135 0.0981054316734781
leaf_weight=15.999999999999998 14.999999999999998 17 29 14.999999999999998 19 27 25 15.999999999999998 17 24 18 24 21 21 19 14.999999999999998 26 15.999999999999998 21 14.999999999999998 19 29 27 22
leaf_count=16 15 17 29 15 19 27 25 16 17 24 18 24 21 21 19 15 26 16 21 15 19 29 27 22
internal_value=-0.0110319 0.172303 0.450572 0.10147 -0.156556 -0.139633 -0.102643 0.133567 -0.24515 0.156768 0.234161 0.100605 0.147766 -0.13497 -0.188381 -0.115008 -0.0977449 -0.0310224 0.0581188 -0.258534 -0.154603 -0.201304 0.109414 0.0391138
internal_weight=513 227 46 181 286 270 200 166 70 150 63 87 39 175 53 154 139 64 72 34 75 48 48 38
internal_count=513 227 46 181 286 270 200 166 70 150 63 87 39 175 53 154 139 64 72 34 75 48 48 38
is_linear=0
shrinkage=0.03


Tree=100
num_leaves=26
num_cat=0
split_feature=31 91 30 92 31 91 70 46 5 83 31 75 77 27 75 39 91 10 86 92 12 76 77 84 70
split_gain=14185 10786.9 2401.3 1733.06 1455.64 1425.42 1167.74 1133.45 1053.59 1052.63 880.173 744.319 884.81 699.769 912.328 639.277 813.884 621.651 500.846 604.91 477.229 455.148 270.017 240.143 192.814
threshold=175.50000000000003 530.22000000000014 9.5000000000000018 391.65500000000003 134.50000000000003 146.69500000000002 98.010900000000007 190.13500000000002 36.500000000000007 0.94810000000000005 160.50000000000003 85.035000000000011 90.648600000000016 11.500000000000002 75.115000000000023 27173.245000000006 196.52500000000001 13.500000000000002 0.90075000000000005 287.74000000000007 80.15000000000002 91.480000000000018 89.613600000000005 0.94945000000000002 93.561600000000013
decision_type=2 10 2 10 2 10 10 8 2 10 2 10 10 2 10 10 10 10 10 8 2 10 10 10 10
left_child=2 3 4 6 5 -1 8 -6 11 -5 -4 -2 -13 -9 -15 16 -7 -8 19 22 -11 -14 -16 -20 -18
right_child=1 -3 10 9 7 15 17 13 -10 20 -12 12 21 14 18 -17 24 -19 23 -21 -22 -23 -24 -25 -26
leaf_value=0.014012942425040311 0.2014006481031132 0.93285919630638903 -0.037555780960092065 0.4316857256208147 -0.29742594309507436 -0.35930213246205994 0.045099914794124139 0.069382064299669102 0.31052323961464801 0.27369796173594807 0.25740608435924917 -0.15779409166188121 -0.018597060881579832 0.10744831306989802 -0.25647814161357685 -0.42078218884487201 -0.21198479862308178 -0.16899236289452485 -0.1590919382552361 0.053388207031419076 0.038059905660508868 0.20487506272720166 -0.083762239439005334 -0.31986405149798525 -0.05954573725396612
leaf_weight=14.999999999999998 29 15.999999999999998 21 22 24 29 29 25 23 16.000000000000004 15.999999999999998 18 14.999999999999998 14.999999999999998 14.999999999999998 28 15.000000000000002 21 18 18 14.999999999999998 18 18 15.999999999999998 14.999999999999998
leaf_count=15 29 16 21 22 24 29 29 25 23 16 16 18 15 15 15 28 15 21 18 18 15 18 18 16 15
internal_value=0.00352733 0.183714 -0.135369 0.125309 -0.168628 -0.255946 0.0740349 -0.108777 0.131763 0.273088 0.0901301 0.0801888 0.0111053 -0.0724395 -0.107927 -0.302489 -0.246016 -0.0448679 -0.145993 -0.0863516 0.159973 0.103377 -0.162584 -0.235152 -0.136041
internal_weight=510 222 288 206 251 102 153 149 103 53 37 80 51 125 100 87 59 50 85 51 31 33 33 34 30
internal_count=510 222 288 206 251 102 153 149 103 53 37 80 51 125 100 87 59 50 85 51 31 33 33 34 30
is_linear=0
shrinkage=0.03


Tree=101
num_leaves=28
num_cat=0
split_feature=32 50 32 89 68 31 5 20 32 26 0 38 31 45 85 18 74 40 37 75 87 87 26 82 85 89 42
split_gain=15726.2 8087.88 4577.63 2176.94 1597.13 2040.76 1564.22 2113.73 1366.78 832.304 819.235 795.337 648.916 629.531 626.017 612.942 590.7 742.182 597.487 444.925 414.169 412.095 304.127 479.373 392.253 266.995 223.004
threshold=380.07500000000005 441.66035000000005 210.85000000000002 455.10140000000007 117.22000000000001 134.50000000000003 36.500000000000007 21.500000000000004 275.60500000000008 11.500000000000002 17.000000000000004 0.93395000000000017 192.50000000000003 260.4500000000001 0.82635000000000003 8.1500000000000004 97.927500000000023 44705.335000000006 0.88145000000000018 88.345000000000013 227.54000000000002 292.44500000000005 38.500000000000007 -17.601949999999999 0.9245000000000001 232.90145000000004 14531.505000000003
decision_type=2 10 2 10 8 2 2 2 2 2 2 10 2 10 10 2 10 10 10 10 10 10 2 10 10 10 10
left_child=2 3 9 6 5 21 7 12 14 -1 13 16 -2 20 -7 -16 17 19 -19 -10 26 -4 23 -17 -25 -12 -11
right_child=1 -3 4 -5 -6 8 -8 -9 11 10 25 -13 -14 -15 15 22 -18 18 -20 -21 -22 -23 -24 24 -26 -27 -28
leaf_value=-0.40876311350938976 -0.050202708734530151 0.98028798157194508 -0.1526719157506993 -0.10191759000188885 0.28762471143589458 0.084945447593555781 0.56729020967832033 0.48954038281850204 0.25172717845053444 -0.19245454669394757 -0.16673585988568801 -0.12048220422223348 0.20058015947439228 -0.4079631131639771 0.038428931829424619 -0.29315521390419302 0.2573558772830512 -0.17996213071295783 0.087350463831543532 0.067666827854724429 -0.10590993852780853 -0.36922857936533576 -0.023946865933381911 -0.18546430583361556 -0.0046335979709995088 0.0043935814755775258 -0.35763617217738758
leaf_weight=20 15.999999999999998 14.999999999999998 17 14.999999999999998 14.999999999999998 20 14.999999999999998 18 20 15.000000000000002 14.999999999999998 15.999999999999998 22 18 23 19 19 15.000000000000002 14.999999999999998 29 23 14.999999999999998 17 27 18 18 14.999999999999998
leaf_count=20 16 15 17 15 15 20 15 18 20 15 15 16 22 18 23 19 19 15 15 29 23 15 17 27 18 18 15
internal_value=0.00342256 0.338564 -0.0793662 0.226114 -0.0131474 -0.0299127 0.29546 0.222181 0.0003446 -0.231484 -0.197197 0.0753129 0.0950207 -0.254586 -0.0685683 -0.0981313 0.10734 0.0711011 -0.046333 0.143004 -0.202132 -0.254647 -0.136926 -0.16687 -0.113251 -0.0734817 -0.275553
internal_weight=510 101 409 86 285 270 71 56 238 124 104 114 38 71 124 104 98 79 30 49 53 32 81 64 45 33 30
internal_count=510 101 409 86 285 270 71 56 238 124 104 114 38 71 124 104 98 79 30 49 53 32 81 64 45 33 30
is_linear=0
shrinkage=0.03


Tree=102
num_leaves=28
num_cat=0
split_feature=32 50 32 89 40 20 92 31 48 36 26 31 75 49 77 18 35 79 1 31 31 33 40 36 32 20 32
split_gain=14799.6 7611.49 4307.89 2048.69 1482.56 1660.36 1445.01 2057.34 1188.44 808.365 945.939 781.462 832.243 704.315 602.778 596.941 590.064 579.438 448.446 386.12 381.785 360.639 317.075 308.574 295.72 266.953 214.553
threshold=380.07500000000005 441.66035000000005 210.85000000000002 455.10140000000007 51509.840000000004 21.500000000000004 160.30500000000004 134.50000000000003 322.75000000000006 0.66020000000000012 11.500000000000002 187.50000000000003 104.50500000000001 305.33855000000005 86.826400000000021 8.9500000000000011 0.8702000000000002 -1.0000000180025095e-35 108.00000000000001 140.50000000000003 197.50000000000003 0.9386500000000001 33486.685000000005 0.8489000000000001 193.94000000000003 12.500000000000002 284.98500000000007
decision_type=2 10 2 10 10 2 10 2 10 8 2 2 10 10 10 2 10 10 2 2 2 10 10 10 2 2 2
left_child=2 3 9 4 -2 17 -4 -8 11 -1 -11 12 13 14 -9 -15 -10 -6 -12 24 26 25 -16 -21 -20 -17 -13
right_child=1 -3 6 -5 5 -7 7 8 16 10 18 20 -14 15 22 21 -18 -19 19 23 -22 -23 -24 -25 -26 -27 -28
leaf_value=-0.42355537539330596 0.47836441426106147 0.95097702577660637 0.22051759878794347 -0.098870212635724652 0.19329683805180495 0.44817784860680659 -0.27515353729061898 -0.23634894782705571 0.30561049388888656 -0.38693040958539704 -0.0242480962482963 0.058934731503261659 -0.24991105853103276 0.14898871763538643 -0.12356749278708985 0.12157880775160171 0.039453636712806162 -0.061626944274545799 -0.33484389703469974 -0.026033810125418069 -0.018998175838036448 -0.13031786536094411 0.065358254426341522 -0.20434200897771565 -0.15753323943115943 -0.051769613226837423 0.21970070828631075
leaf_weight=15.999999999999998 24 14.999999999999998 22 14.999999999999998 15.999999999999991 14.999999999999998 28 23 15.000000000000002 19 19 15.000000000000002 19 23 17 14.999999999999998 14.999999999999998 16.000000000000007 20 17 25 21 14.999999999999998 18 14.999999999999998 17 14.999999999999998
leaf_count=16 24 15 22 15 16 15 28 23 15 19 19 15 19 23 17 15 15 16 20 17 25 21 15 18 15 17 15
internal_value=0.00332002 0.328439 -0.0769927 0.21935 0.286623 0.188276 -0.0127543 -0.0323115 -0.00331832 -0.224561 -0.194884 -0.029145 -0.0646134 -0.0376417 -0.119365 0.0215199 0.172869 0.0658909 -0.153674 -0.18874 0.0675306 -0.0338568 -0.0349979 -0.117939 -0.25923 0.0295036 0.139599
internal_weight=510 101 409 86 71 47 285 263 235 124 108 205 150 131 55 76 30 32 89 70 55 53 32 35 35 32 30
internal_count=510 101 409 86 71 47 285 263 235 124 108 205 150 131 55 76 30 32 89 70 55 53 32 35 35 32 30
is_linear=0
shrinkage=0.03


Tree=103
num_leaves=27
num_cat=0
split_feature=32 50 32 89 5 20 78 32 80 77 57 11 46 77 50 88 88 27 14 31 45 75 36 70 78 42
split_gain=13927.4 7163.19 4054.15 1927.97 1428.29 1896.65 1206.03 1277.42 854.049 879.889 773.577 749.338 649.459 689.804 923.548 628.743 990.852 609.563 603.525 593.656 549.207 565.919 380.951 248.746 191.364 180.697
threshold=380.07500000000005 441.66035000000005 210.85000000000002 455.10140000000007 36.500000000000007 21.500000000000004 78.651800000000023 288.60500000000008 -64.179999999999993 87.215000000000018 1.0000000180025095e-35 79.950000000000017 219.62000000000003 92.035700000000006 330.50805000000008 355.92500000000001 402.3250000000001 9.5000000000000018 1.0000000180025095e-35 192.50000000000003 269.91500000000002 89.975000000000009 0.70730000000000015 101.57445000000001 88.291450000000012 28207.925000000003
decision_type=2 10 2 10 2 2 10 2 10 8 2 2 10 10 10 10 10 2 2 2 10 10 8 10 10 8
left_child=2 3 8 4 5 19 -4 10 9 -1 11 12 -8 20 -15 18 -17 -10 -9 -2 24 -22 -19 25 -14 -24
right_child=1 -3 6 -5 -6 -7 7 15 17 -11 -12 -13 13 14 -16 16 -18 22 -20 -21 21 -23 23 -25 -26 -27
leaf_value=-0.26088507352081242 -0.051315738686891356 0.92254248162836716 -0.26499820325976214 -0.095913962414890433 0.5377896892509586 0.46128608716822062 0.070645597408136973 0.050840579716088713 -0.38890866708961419 0.046040293381908744 0.15952501731061458 0.096686683357978351 -0.18437374031788439 0.0848515185234507 -0.1922286210826229 -0.14818474532511464 0.13236428985668922 -0.34852227664073043 0.2601077013111599 0.18854457040222319 0.047876468077054445 -0.19307100276199482 -0.049273503414816233 -0.26802533381146065 -0.32437218898863301 -0.19241529304523272
leaf_weight=14.999999999999998 15.999999999999998 14.999999999999998 15.999999999999998 14.999999999999998 14.999999999999998 18 19 23 26 19 14.999999999999998 22 17 27 18 20 26 14.999999999999998 27 22 14.999999999999998 21 14.999999999999998 17 19 17
leaf_count=15 16 15 16 15 15 18 19 23 26 19 15 22 17 27 18 20 26 15 27 22 15 21 15 17 19 17
internal_value=0.00322129 0.318615 -0.0746889 0.212786 0.278047 0.208029 -0.0123709 0.00269618 -0.217845 -0.0895082 -0.0459946 -0.0655598 -0.0918424 -0.118261 -0.0260376 0.0904349 0.0103254 -0.266234 0.164022 0.0875766 -0.175822 -0.0927075 -0.21611 -0.175231 -0.258651 -0.125546
internal_weight=510 101 409 86 71 56 285 269 124 34 173 158 136 117 45 96 46 90 50 38 72 36 64 49 36 32
internal_count=510 101 409 86 71 56 285 269 124 34 173 158 136 117 45 96 46 90 50 38 72 36 64 49 36 32
is_linear=0
shrinkage=0.03


Tree=104
num_leaves=26
num_cat=0
split_feature=32 20 32 71 68 31 5 32 80 77 38 26 36 85 18 67 81 76 87 31 82 69 32 83 42
split_gain=13106.8 6959.61 3815.21 1608.89 1440.71 1758.92 1225.96 1164.57 803.691 828.061 674.056 652.288 638.196 598.747 584.776 561.043 455.655 539.25 366.097 292.911 408.854 295.926 291.961 287.506 189.079
threshold=380.07500000000005 21.500000000000004 210.85000000000002 101.05000000000001 117.22000000000001 134.50000000000003 37.500000000000007 271.26000000000005 -64.179999999999993 87.215000000000018 0.93515000000000015 12.500000000000002 0.6956500000000001 0.82635000000000003 8.1500000000000004 102.81500000000001 -25.204999999999995 93.045000000000002 292.44500000000005 182.50000000000003 -16.659099999999999 94.032900000000012 334.02000000000004 0.85875000000000012 14531.505000000003
decision_type=2 2 2 10 8 2 2 2 10 8 10 2 8 10 2 10 10 10 10 2 10 10 2 10 10
left_child=2 3 8 6 5 18 -2 13 9 -1 15 -10 -13 -7 -15 16 -9 22 -4 20 -16 -22 -18 24 -14
right_child=1 -3 4 -5 -6 7 -8 10 11 -11 -12 12 23 14 19 -17 17 -19 -20 -21 21 -23 -24 -25 -26
leaf_value=-0.25308452213325372 0.1170854168083042 0.73159360989956845 -0.14045868407945827 -0.012757632502590316 0.2736623839524101 0.091629824004344995 0.42713166655273599 0.011691439216201369 -0.4389939904846622 0.044662708203623606 -0.12248553269725306 -0.39683316560282655 -0.16668830113569516 0.036182837937503987 -0.29060114643910578 -0.060355082875803892 0.16144237672914519 0.059534177425211998 -0.34455594547563212 -0.043845655232870658 -0.18777335156171165 -0.013234348831778743 0.3295719913936348 -0.091050556987321299 -0.30237982811815922
leaf_weight=14.999999999999998 23 26 17 29 14.999999999999998 18 23 24 14.999999999999998 19 14.999999999999998 14.999999999999998 21 23 18 18 21 26 14.999999999999998 22 21 14.999999999999998 17 22 17
leaf_count=15 23 26 17 29 15 18 23 24 15 19 15 15 21 23 18 18 21 26 15 22 21 15 17 22 17
internal_value=0.00312476 0.309086 -0.0724553 0.162206 -0.0120014 -0.0279249 0.272437 0.000164973 -0.211329 -0.0868311 0.0654134 -0.25827 -0.221837 -0.0673005 -0.0962437 0.0920622 0.123272 0.16505 -0.236564 -0.136337 -0.173916 -0.11521 0.237032 -0.177769 -0.227749
internal_weight=510 101 409 75 285 270 46 238 124 34 121 90 75 117 99 106 88 64 32 76 54 36 38 60 38
internal_count=510 101 409 75 285 270 46 238 124 34 121 90 75 117 99 106 88 64 32 76 54 36 38 60 38
is_linear=0
shrinkage=0.03


Tree=105
num_leaves=28
num_cat=0
split_feature=32 31 31 87 87 31 32 33 44 71 35 10 77 0 31 73 2 45 83 84 50 31 36 37 35 44 20
split_gain=14077 8821.14 3522.6 1932.81 1898.15 1678.86 1543.88 1195.88 1050.33 1019.49 1011.16 1005.54 788.522 756.018 750.56 581.328 556.925 542.978 673.538 355.492 300.629 370.292 266.956 257.44 167.905 161 149.861
threshold=365.24000000000007 203.50000000000003 140.50000000000003 380.76500000000004 357.24000000000007 168.50000000000003 245.67500000000004 0.97270000000000012 32313.982850000004 99.75500000000001 0.9366000000000001 15.500000000000002 93.950700000000026 9.5000000000000018 182.50000000000003 88.290750000000017 2.5000000000000004 289.64000000000004 0.94285000000000008 0.85615000000000008 337.0514500000001 172.50000000000003 0.84340000000000015 0.85935000000000017 0.83275000000000021 47463.807100000005 9.5000000000000018
decision_type=2 2 2 10 8 2 2 10 10 10 8 10 10 2 2 10 2 8 10 10 10 2 8 10 10 10 2
left_child=2 3 4 -2 10 -5 13 9 -8 -7 11 16 -9 20 17 -12 -1 23 -19 -16 21 22 -4 -10 -24 -21 -13
right_child=1 -3 6 5 -6 7 8 12 14 -11 15 26 -14 -15 19 -17 -18 18 -20 25 -22 -23 24 -25 -26 -27 -28
leaf_value=-0.50272073419387153 0.47809214181989146 0.94766185496930655 -0.088905995080345551 -0.15786281358415835 -0.50366422052458504 0.21311316234622885 0.22765147739379815 0.16057493990045843 -0.074406326474541429 -0.066614862137100328 -0.19472775305542989 -0.083864049635028595 0.45980173323511025 0.023840703504803881 0.19421055146466903 0.040421038079934107 -0.25366392285374717 -0.30886782323007161 -0.024600931501071711 -0.027985357666502189 -0.2750330157591917 -0.040003171353788614 -0.30675454039114247 0.10105332201897503 -0.16342496478280355 0.087992606869679732 -0.20364683815647031
leaf_weight=14.999999999999998 15.999999999999998 14.999999999999998 18 15.999999999999998 19 25 21 14.999999999999998 15.000000000000002 22 15.999999999999998 20 17 27 15.999999999999998 23 18 15.000000000000002 14.999999999999998 22 15.999999999999998 26 15.000000000000002 14.999999999999998 14.999999999999998 21 18
leaf_count=15 16 15 18 16 19 25 21 15 15 22 16 20 17 27 16 23 18 15 15 22 16 26 15 15 15 21 18
internal_value=-0.00924861 0.266013 -0.0991274 0.173499 -0.227016 0.121959 -0.034897 0.178715 0.0323109 0.0822131 -0.17901 -0.246395 0.320055 -0.115309 -0.00222949 -0.0561377 -0.367506 -0.076922 -0.167062 0.0737044 -0.157061 -0.131364 -0.180727 0.0132957 -0.235531 0.0286566 -0.140836
internal_weight=512 126 386 111 129 95 257 79 140 47 110 71 32 117 119 39 33 60 30 59 90 74 48 30 30 43 38
internal_count=512 126 386 111 129 95 257 79 140 47 110 71 32 117 119 39 33 60 30 59 90 74 48 30 30 43 38
is_linear=0
shrinkage=0.03


Tree=106
num_leaves=28
num_cat=0
split_feature=31 41 26 31 80 2 0 88 72 31 71 38 92 88 22 46 71 74 84 47 78 82 10 70 83 5 35
split_gain=12094.3 7475.93 2063.35 1556.23 1270.42 1073.98 1019.6 1018.67 906.907 862.536 842.169 642.38 840.322 719.858 606.412 528.868 492.623 491.51 400.72 813.091 607.284 392.09 343.668 488.678 285.022 278.159 151.546
threshold=167.50000000000003 72449.950000000012 11.500000000000002 189.50000000000003 -11.274999999999999 4.5000000000000009 13.500000000000002 413.28500000000003 101.17000000000002 134.50000000000003 93.770000000000024 0.7914500000000001 372.3250000000001 290.32000000000005 8.2500000000000018 238.51000000000002 83.095000000000013 93.778750000000016 0.9336500000000002 283.31000000000006 90.762100000000018 -19.266949999999998 16.500000000000004 100.63785000000001 0.8449500000000002 24.500000000000004 0.84375000000000011
decision_type=2 10 2 2 10 2 2 10 10 2 8 10 10 10 2 10 8 10 10 10 10 10 10 10 10 2 10
left_child=2 3 10 4 11 22 9 -7 -6 17 -1 -2 13 26 18 16 -8 -4 19 21 -20 -11 23 25 -18 -5 -13
right_child=1 -3 6 5 8 7 15 -9 -10 14 -12 12 -14 -15 -16 -17 24 -19 20 -21 -22 -23 -24 -25 -26 -27 -28
leaf_value=-0.23220432278325781 0.13468696602159164 0.68922054301919478 -0.39154701493327454 0.11286630495528033 0.31528450285628884 0.14744472101917416 0.054422571413984912 0.46288860001392307 0.031036604810950552 -0.28468124711735127 -0.55142647865998773 -0.1038951978739609 0.099587673744666608 -0.2563732335096347 0.05279129357829046 0.11041567089815219 -0.23822304845413309 -0.18932062735924352 -0.37754015271449798 0.061978057187019618 -0.11521020511028704 -0.10221689056526446 -0.01061892470164312 -0.0064736488738725353 -0.055931484643803084 0.26976514798728418 0.022793678808435098
leaf_weight=15.000000000000002 14.999999999999998 20 20 20 18 19 15.999999999999998 18 23 17.999999999999996 14.999999999999998 18 18 25 14.999999999999998 18 16.000000000000004 24 14.999999999999998 18 17 26.000000000000004 18 14.999999999999998 14.999999999999998 21 15.999999999999998
leaf_count=15 15 20 20 20 18 19 16 18 23 18 15 18 18 25 15 18 16 24 15 18 17 26 18 15 15 21 16
internal_value=-0.0089726 0.132331 -0.159395 0.0865464 0.0173037 0.169454 -0.127224 0.301362 0.156097 -0.169504 -0.392517 -0.0445847 -0.079592 -0.13432 -0.124125 -0.027629 -0.0805901 -0.281616 -0.152385 -0.107696 -0.238621 -0.177134 0.103321 0.139948 -0.150298 0.193496 -0.0442869
internal_weight=512 264 248 244 133 111 218 37 41 153 30 92 77 59 109 65 47 44 94 62 32 44 74 56 31 41 34
internal_count=512 264 248 244 133 111 218 37 41 153 30 92 77 59 109 65 47 44 94 62 32 44 74 56 31 41 34
is_linear=0
shrinkage=0.03


Tree=107
num_leaves=26
num_cat=0
split_feature=32 31 31 87 87 31 32 33 44 41 80 77 0 31 68 79 30 46 78 84 50 31 26 19 44
split_gain=12597.3 8216.13 3127.79 1822.2 1732.16 1470.31 1379.97 1081.13 973.673 890.312 838.342 758.561 696.91 661.295 657.748 564.685 549.227 816.229 466.165 333.881 280.111 330.125 252.726 164.902 147.558
threshold=365.24000000000007 203.50000000000003 140.50000000000003 380.76500000000004 366.78000000000003 168.50000000000003 245.67500000000004 0.97270000000000012 32313.982850000004 52878.215000000004 1.2950000000000002 93.950700000000026 9.5000000000000018 182.50000000000003 101.795 -8.0599999999999987 3.5000000000000004 309.28500000000003 85.798950000000019 0.85615000000000008 337.0514500000001 172.50000000000003 26.500000000000004 27.000000000000004 47463.807100000005
decision_type=2 2 2 10 8 2 2 10 10 10 8 10 2 2 10 10 2 10 10 10 10 2 2 2 10
left_child=2 3 4 -2 10 -5 12 9 -8 -7 14 -9 20 16 18 -11 -10 -18 -1 -15 21 22 23 -4 -21
right_child=1 -3 6 5 -6 7 8 11 13 15 -12 -13 -14 19 -16 -17 17 -19 -20 24 -22 -23 -24 -25 -26
leaf_value=-0.25114583546049074 0.45814780578435016 0.90954260416601185 -0.054794109558390675 -0.14949411958177514 -0.48696525689967779 -0.099478789302260992 0.21841298864459763 0.14351810848990151 0.020770211712218396 0.30179334588225099 -0.03103173598980534 0.43690817914051039 0.024367883175666578 0.18513855621636471 -0.34010272150780047 0.041406004001135824 -0.0015070230699456802 -0.30941748899834176 -0.076004756371043425 -0.029518601223319563 -0.26318490808255202 -0.038243063308455894 -0.27325857325645775 -0.18929210630679758 0.081511090964149685
leaf_weight=26 15.999999999999998 14.999999999999998 15.999999999999998 15.999999999999998 18 17 21 14.999999999999998 29 14.999999999999996 29 17 27 15.999999999999998 27 15.000000000000004 15.000000000000002 15.999999999999998 29 22 15.999999999999998 26 14.999999999999998 17 21
leaf_count=26 16 15 16 16 18 17 21 15 29 15 29 17 27 16 27 15 15 16 29 22 16 26 15 17 21
internal_value=-0.00870436 0.251688 -0.0937284 0.162406 -0.214237 0.112366 -0.033204 0.165481 0.0303358 0.0737309 -0.169798 0.299867 -0.109228 -0.00291944 -0.218806 0.171935 -0.0730301 -0.160719 -0.158979 0.0683556 -0.149314 -0.124512 -0.171122 -0.124308 0.0247021
internal_weight=512 126 386 111 129 95 257 79 140 47 111 32 117 119 82 30 60 31 55 59 90 74 48 33 43
internal_count=512 126 386 111 129 95 257 79 140 47 111 32 117 119 82 30 60 31 55 59 90 74 48 33 43
is_linear=0
shrinkage=0.03


Tree=108
num_leaves=27
num_cat=0
split_feature=32 31 31 87 87 31 32 33 44 35 10 71 77 0 31 45 73 84 34 50 31 36 72 80 35 80
split_gain=11855.1 7732.13 2943.3 1714.82 1630.65 1383.71 1298.67 1017.41 916.267 896.001 921.428 877.21 713.822 655.866 623.654 640.294 530.377 346.904 289.021 263.587 310.679 246.216 186.93 161.865 152.584 90.069
threshold=365.24000000000007 203.50000000000003 140.50000000000003 380.76500000000004 357.24000000000007 168.50000000000003 245.67500000000004 0.97270000000000012 32313.982850000004 0.9366000000000001 15.500000000000002 99.75500000000001 93.950700000000026 9.5000000000000018 181.50000000000003 290.25000000000006 88.290750000000017 0.85615000000000008 0.81625000000000003 337.0514500000001 172.50000000000003 0.84340000000000015 96.75500000000001 -36.544999999999995 0.83275000000000021 -30.919999999999998
decision_type=2 2 2 10 8 2 2 10 10 8 10 10 10 2 2 10 10 10 10 10 2 8 10 10 10 10
left_child=2 3 4 -2 9 -5 13 11 -8 10 18 -7 -9 19 15 -10 -11 -16 -1 20 21 -4 25 -12 -23 -19
right_child=1 -3 6 5 -6 7 8 12 14 16 23 -13 -14 -15 17 -17 -18 22 -20 -21 -22 24 -24 -25 -26 -27
leaf_value=-0.24955425632334199 0.44444618505852235 0.88234695914377792 -0.077856192441858416 -0.14502326586536157 -0.46423878925053147 0.19295412628236641 0.21187616371768669 0.13922686717834978 0.025744042753535794 -0.18005746130352823 -0.19095803360859773 -0.066515622065991778 0.42383937030244079 0.023638199616271772 0.17748105048423202 -0.17696903489490243 0.044545668760504482 0.026722995737858385 -0.42926604956126274 -0.25531396032493803 -0.037097972473576525 -0.28650481942880179 0.10164472390558117 -0.066622580572256729 -0.14992751550832856 -0.077039008024721023
leaf_weight=15.999999999999998 15.999999999999998 14.999999999999998 18 15.999999999999998 19 25 21 14.999999999999998 28 15.999999999999998 18 22 17 27 17 28 23 14.999999999999998 17 15.999999999999998 26 15.000000000000002 15.999999999999998 20 14.999999999999998 15.000000000000002
leaf_count=16 16 15 18 16 19 25 21 15 28 16 18 22 17 27 17 28 23 15 17 16 26 15 16 20 15 15
internal_value=-0.00844282 0.244163 -0.0909244 0.15755 -0.207825 0.109006 -0.0322119 0.160533 0.0294275 -0.163331 -0.226762 0.0715267 0.290899 -0.105962 -0.00283215 -0.0756532 -0.0476734 0.0618825 -0.342688 -0.144851 -0.12079 -0.166006 0.0189825 -0.125731 -0.218629 -0.0251499
internal_weight=512 126 386 111 129 95 257 79 140 110 71 47 32 117 119 56 39 63 33 90 74 48 46 38 30 30
internal_count=512 126 386 111 129 95 257 79 140 110 71 47 32 117 119 56 39 63 33 90 74 48 46 38 30 30
is_linear=0
shrinkage=0.03


Tree=109
num_leaves=26
num_cat=0
split_feature=31 42 26 41 73 41 80 31 0 31 71 44 22 45 70 35 38 69 92 72 80 49 78 50 43
split_gain=10090.6 6762.95 1860.17 1777.46 1658.01 968.512 1170.86 980.199 926.204 1017.99 739.005 682.125 616.997 546.425 515.728 416.111 364.987 361.892 558.15 356.155 357.184 268.733 253.279 216.834 153.135
threshold=167.50000000000003 66040.37000000001 11.500000000000002 52456.280000000006 98.875000000000014 49430.480000000003 -6.3199999999999994 189.50000000000003 33.500000000000007 134.50000000000003 93.770000000000024 44860.871250000004 8.0500000000000025 283.31000000000006 99.186050000000009 0.89910000000000012 0.7914500000000001 88.368550000000013 190.17000000000004 95.510000000000005 1.0000000180025095e-35 272.52645000000001 91.310000000000016 341.42305000000005 39277.457150000009
decision_type=2 10 2 10 10 10 10 2 2 2 8 10 2 8 10 8 10 10 8 10 10 10 10 10 10
left_child=2 3 10 5 14 6 7 11 9 13 -1 16 17 21 23 -10 -2 -11 -19 -20 -21 -4 -9 -5 -18
right_child=1 -3 8 4 -6 -7 -8 22 15 12 -12 -13 -14 -15 -16 -17 24 18 19 20 -22 -23 -24 -25 -26
leaf_value=-0.2167517021981584 0.12632490525610027 0.71771505560830362 -0.2509932584100586 0.27941314748751361 0.47807517198758698 -0.18317384097932718 0.23073683892341854 0.1766346982902384 -0.083717131217247928 -0.24010561088076848 -0.51579206534794386 -0.20775653250104795 0.052643249322994308 -0.39176976301802913 -0.012283291683018763 0.12028981815172932 -0.091029793822891197 -0.23263182655932499 0.028471016015671535 -0.19221230261382599 -0.0058942351260474904 -0.08723856664575215 0.048874438447270165 0.13212050461396171 0.024602335205525593
leaf_weight=15.000000000000002 14.999999999999998 15.999999999999998 23 14.999999999999998 15.999999999999998 17 28 28 17 20 14.999999999999998 19 21 17 15.999999999999998 19 26 21 27 22 15.999999999999998 14.999999999999998 28 23 17
leaf_count=15 15 16 23 15 16 17 28 28 17 20 15 19 21 17 16 19 26 21 27 22 16 15 28 23 17
internal_value=-0.00819018 0.120879 -0.145589 0.08223 0.21025 0.0318318 0.0545934 0.0174266 -0.115045 -0.142541 -0.366931 -0.0520043 -0.0957664 -0.250336 0.130498 0.0239291 -0.000821128 -0.125193 -0.0983282 -0.0547693 -0.113913 -0.186592 0.112882 0.190593 -0.0453044
internal_weight=512 264 248 248 70 178 161 133 218 182 30 77 127 55 54 36 58 106 86 65 38 38 56 38 43
internal_count=512 264 248 248 70 178 161 133 218 182 30 77 127 55 54 36 58 106 86 65 38 38 56 38 43
is_linear=0
shrinkage=0.03


Tree=110
num_leaves=27
num_cat=0
split_feature=31 37 26 41 1 31 33 46 76 1 67 38 33 92 21 90 92 74 80 30 12 12 48 47 39 29
split_gain=5824.51 1252.91 1286.68 1056.37 826.692 1123.6 740.941 951.464 762.859 712.578 831.421 708.45 760.346 698.235 732.898 669.05 577.389 540.771 440.254 352.321 344.509 286.539 259.19 230.678 315.292 221.093
threshold=167.50000000000003 0.95645000000000013 11.500000000000002 52413.67500000001 113.50000000000001 121.00000000000001 0.97210000000000008 468.43500000000006 97.820000000000007 141.50000000000003 99.960000000000022 0.7914500000000001 0.94425000000000014 396.87500000000006 8.9000000000000021 356.75210000000004 337.05000000000007 95.412150000000011 -32.42499999999999 1.5000000000000002 73.65000000000002 80.050000000000011 252.465 268.80000000000007 24641.565000000006 9.5000000000000018
decision_type=2 8 2 10 2 2 10 10 10 2 10 10 10 10 2 10 8 10 10 2 2 2 8 10 10 2
left_child=1 2 -1 9 25 -6 8 -8 -5 15 11 -11 20 14 16 -2 19 18 -12 22 -13 -22 -7 24 -21 -4
right_child=3 -3 4 6 5 13 7 -9 -10 10 17 12 -14 -15 -16 -17 -18 -19 -20 23 21 -23 -24 -25 -26 -27
leaf_value=-0.35036626440002183 0.020669627371717261 0.14486559778352909 -0.049447783486399964 0.17208750411788409 -0.34180244809105276 -0.15489560448252085 0.14131883825413211 0.43026149802893132 -0.092684539839674868 0.30918988409443432 0.011918617734618464 -0.083265951427896001 0.23108665615010407 -0.30515353297870412 0.10068395423415664 -0.22727890543763421 0.03965892526251457 0.08901192809535538 -0.20070157182749762 -0.2311666226950217 0.17539017993713094 0.0085905698245885426 0.015934804271130965 -0.26251325939844589 -0.062286213832484852 0.098359477319450023
leaf_weight=23 28 14.999999999999998 21 28 22 14.999999999999998 26 17 14.999999999999998 15.999999999999998 18 17 24 14.999999999999998 15.999999999999998 14.999999999999998 18 26 17 19 15.999999999999998 22 17 23 21 15.999999999999998
leaf_count=23 28 15 21 28 22 15 26 17 15 16 18 17 24 15 16 15 18 26 17 19 16 22 17 23 21 16
internal_value=-0.0116893 -0.120239 -0.13787 0.0801018 -0.113706 -0.142281 0.167937 0.255954 0.0796899 0.0421027 0.0719084 0.127384 0.0903717 -0.11168 -0.089062 -0.0659527 -0.115975 -0.0144975 -0.0914502 -0.145484 0.0287875 0.0789996 -0.0642119 -0.186658 -0.14273 0.0144749
internal_weight=526 241 226 285 203 166 86 43 43 199 156 95 79 144 129 43 113 61 35 95 55 38 32 63 40 37
internal_count=526 241 226 285 203 166 86 43 43 199 156 95 79 144 129 43 113 61 35 95 55 38 32 63 40 37
is_linear=0
shrinkage=0.03


Tree=111
num_leaves=27
num_cat=0
split_feature=31 32 37 26 1 31 33 75 75 32 39 92 32 7 71 20 30 37 10 1 2 29 31 33 10 9
split_gain=5481.12 2297.68 1179.09 1210.77 777.97 1057.31 748.986 874.444 886.203 834.592 698.546 657.109 922.72 645.748 489.178 432.425 423.793 422.86 321.275 369.645 318.059 208.064 204.118 187.014 155.928 101.512
threshold=167.50000000000003 295.56500000000005 0.95645000000000013 11.500000000000002 113.50000000000001 121.00000000000001 0.97270000000000012 87.105000000000004 96.330000000000013 419.69000000000005 40249.225000000013 396.87500000000006 264.34500000000008 494.00000000000006 94.360000000000014 19.000000000000004 7.5000000000000009 0.76285000000000014 10.500000000000002 143.50000000000003 3.5000000000000004 9.5000000000000018 186.50000000000003 0.73620000000000008 32.500000000000007 9.5000000000000018
decision_type=2 2 8 2 2 2 10 10 10 2 10 10 2 2 10 2 2 10 10 2 2 2 2 10 10 2
left_child=2 10 3 -1 21 -6 7 22 13 16 20 12 17 -9 -12 -11 -8 -7 -19 24 23 -5 -3 -2 -20 -25
right_child=1 6 -4 4 5 11 9 8 -10 15 14 -13 -14 -15 -16 -17 -18 18 19 -21 -22 -23 -24 25 -26 -27
leaf_value=-0.33987807457203972 0.14608796402672738 0.13946842388843927 0.14053406987079353 -0.047967872647590705 -0.33157162497643705 0.0053006226121553755 -0.0014176089145812476 -0.19553289186132969 0.17208632939322263 0.23478784983986961 -0.02407229495602984 -0.29602933847230928 0.073155498106511674 0.045817604967065759 -0.26256809894169597 0.44927794210934552 0.22380262704782705 -0.071183839712072816 -0.087694226758820659 -0.29949319967902505 -0.065643949596806944 0.095417886716183092 0.27766106652202749 -0.033696179841862656 -0.21356487478033648 0.062921010685895007
leaf_weight=23 15.999999999999998 19 14.999999999999998 21 22 18 15.000000000000002 17 25 20 15.000000000000002 14.999999999999998 26 24 15.999999999999998 14.999999999999998 14.999999999999998 28 22 20 27 15.999999999999998 20 15.999999999999998 14.999999999999998 25
leaf_count=23 16 19 15 21 22 18 15 17 25 20 15 15 26 24 16 15 15 28 22 20 27 16 20 16 15 25
internal_value=-0.0113394 0.0777047 -0.116641 -0.133744 -0.110304 -0.138024 0.14775 0.0981039 0.0314737 0.227787 -0.0258463 -0.108339 -0.0863966 -0.0543343 -0.14744 0.327265 0.111328 -0.126702 -0.15466 -0.195542 0.0190707 0.0140414 0.21064 0.0592473 -0.138983 0.0251851
internal_weight=526 285 241 226 203 166 170 105 66 65 115 144 129 41 31 35 30 103 85 57 84 37 39 57 37 41
internal_count=526 285 241 226 203 166 170 105 66 65 115 144 129 41 31 35 30 103 85 57 84 37 39 57 37 41
is_linear=0
shrinkage=0.03


Tree=112
num_leaves=27
num_cat=0
split_feature=32 49 32 47 40 92 20 32 38 70 13 34 48 32 84 38 9 92 0 71 33 37 78 93 84 32
split_gain=5025.7 1134.08 1074.47 1236.41 772.787 751.617 853.272 683.382 643.408 690.642 725.024 598.175 583.339 578.837 515.344 453.38 461.204 432.745 408.276 339.439 297.962 428.203 268.891 236.55 212.997 181.749
threshold=295.56500000000005 279.27000000000004 188.28500000000003 166.89000000000001 59881.80000000001 263.40500000000003 28.000000000000004 409.42000000000007 0.92175000000000018 93.945150000000027 44.850000000000001 0.8843000000000002 482.63500000000005 218.50000000000003 0.97305000000000008 0.91665000000000008 12.500000000000002 173.92500000000004 17.000000000000004 97.740000000000009 0.69530000000000014 0.89960000000000007 89.33535000000002 339.00355000000008 0.89685000000000004 156.41000000000003
decision_type=2 10 2 10 10 10 2 2 10 10 2 8 8 2 10 10 2 10 2 10 10 10 10 10 10 2
left_child=2 -2 11 -4 13 7 8 -3 9 10 -7 18 -10 19 17 16 -11 -15 25 -5 -19 22 24 -23 -22 -1
right_child=1 5 3 4 -6 6 -8 -9 12 15 -12 -13 -14 14 -16 -17 -18 20 -20 -21 21 23 -24 -25 -26 -27
leaf_value=-0.26182466779436375 -0.13452937660930314 0.14546641063293644 0.20203738491251089 -0.092442445615482816 -0.27816935162211565 0.16452866063153654 0.30326946602803523 0.4040091657796967 0.094731772135351305 0.15056698668531432 -0.075449570197747909 -0.28787829230348749 -0.15075788021087644 0.09033203459205516 0.09800907376154544 0.054511203435172274 0.37653343121474758 0.032953678677809774 -0.015413782753740522 -0.26844944081037142 -0.16872154013519472 0.037858672771089806 -0.23301616693619023 -0.088969065110313703 -0.020565570844146161 -0.1133440206850882
leaf_weight=15.000000000000002 15.999999999999998 24 15.999999999999998 29 14.999999999999998 20 15.999999999999998 14.999999999999998 15.999999999999998 18 26 29 19 17 24 14.999999999999998 14.999999999999998 21 21 14.999999999999998 18 25 21 28 17 14.999999999999998
leaf_count=15 16 24 16 29 15 20 16 15 16 18 26 29 19 17 24 15 15 21 21 15 18 25 21 28 17 15
internal_value=-0.0109998 0.107373 -0.0836307 -0.0525429 -0.0702995 0.128447 0.0969237 0.245334 0.0712112 0.112082 0.0289216 -0.179114 -0.0385162 -0.0557286 -0.0307268 0.191633 0.253739 -0.0517813 -0.117018 -0.152715 -0.0704045 -0.0903373 -0.148154 -0.0291371 -0.0969349 -0.187946
internal_weight=526 200 326 246 230 184 145 39 129 94 46 80 35 215 171 48 33 147 51 44 130 109 56 53 35 30
internal_count=526 200 326 246 230 184 145 39 129 94 46 80 35 215 171 48 33 147 51 44 130 109 56 53 35 30
is_linear=0
shrinkage=0.03


Tree=113
num_leaves=28
num_cat=0
split_feature=31 32 37 26 0 31 40 41 32 55 39 86 70 32 71 32 7 84 54 11 2 40 32 10 81 79 26
split_gain=4934.49 2032.03 1076.75 1109.38 706.421 967.737 653.623 838.359 1083.02 859.506 652.191 602.517 533.117 475.025 453.668 429.889 422.031 405.575 520.564 326.501 286.593 268.859 182.029 149.319 136.002 133.119 78.6812
threshold=167.50000000000003 297.11500000000007 0.95645000000000013 11.500000000000002 33.500000000000007 121.00000000000001 45071.215000000004 52413.67500000001 419.69000000000005 1.0000000180025095e-35 40249.225000000013 0.90060000000000007 94.133200000000002 159.49000000000004 94.360000000000014 413.08000000000004 588.00000000000011 0.96125000000000005 1.0000000180025095e-35 45.250000000000007 3.5000000000000004 33343.05000000001 246.78500000000003 10.500000000000002 -7.9342999999999995 -16.054999999999996 36.500000000000007
decision_type=2 2 8 2 2 2 10 10 2 2 10 10 10 2 10 2 2 8 2 2 2 10 2 10 10 10 2
left_child=2 10 3 -1 5 -5 15 12 16 -10 20 13 -8 -7 -12 25 -9 18 19 -15 24 -21 -13 -6 26 -3 -2
right_child=1 6 -4 4 23 11 7 8 9 -11 14 22 -14 17 -16 -17 -18 -19 -20 21 -22 -23 -24 -25 -26 -27 -28
leaf_value=-0.32424149910113298 0.05953420349337455 0.10172894456853898 0.13517466968080133 -0.31607222282967595 0.08293615877071274 -0.22150653224125086 -0.11562285775852917 -0.0472931307348914 0.15028562829976069 0.44578254213957025 -0.021218492050107524 -0.14354975635823217 0.093853695070421378 -0.23056385687955719 -0.25088983369764878 0.35484619207396179 0.1498891094706005 0.074970005652553726 0.032670947200906478 -0.15491357288369773 -0.060490813947208712 0.019086528679857218 -0.29013545359406512 -0.038528606616969344 0.13530423267339156 0.2251207491379679 -0.02495413966551175
leaf_weight=23 29 14.999999999999998 14.999999999999998 22 15.999999999999998 15.999999999999998 20 19 20 15.999999999999998 15.000000000000002 15.000000000000002 24 19 15.999999999999998 17 20 20 26 17 27 14.999999999999998 15.999999999999998 21 14.999999999999998 17 14.999999999999998
leaf_count=23 29 15 15 22 16 16 20 19 20 16 15 15 24 19 16 17 20 20 26 17 27 15 16 21 15 17 15
internal_value=-0.0106699 0.0738173 -0.110583 -0.126927 -0.10449 -0.130905 0.140653 0.102586 0.163543 0.282095 -0.0221586 -0.102505 -0.00135203 -0.070285 -0.14002 0.232874 0.05385 -0.0452245 -0.0764917 -0.13215 0.0203656 -0.0734017 -0.219601 0.0139973 0.057413 0.167577 0.0307017
internal_weight=526 285 241 226 203 166 168 119 75 36 117 144 44 113 31 49 39 97 77 51 86 32 31 37 59 32 44
internal_count=526 285 241 226 203 166 168 119 75 36 117 144 44 113 31 49 39 97 77 51 86 32 31 37 59 32 44
is_linear=0
shrinkage=0.03


Tree=114
num_leaves=28
num_cat=0
split_feature=31 32 37 46 31 39 33 75 75 32 39 83 80 1 31 74 32 78 78 32 12 9 11 75 31 27 33
split_gain=4643.67 1912.32 1013.32 1063.44 769.388 667.918 663.002 856.355 809.999 734.298 613.775 512.887 494.854 409.272 408.576 401.275 384.359 372.122 669.631 277.572 261.431 384.889 372.396 215.687 210.456 184.647 180.326
threshold=167.50000000000003 297.11500000000007 0.95645000000000013 432.28000000000003 95.500000000000014 13016.520000000002 0.97270000000000012 87.105000000000004 96.330000000000013 419.69000000000005 40249.225000000013 0.93755000000000011 15.355000000000002 144.50000000000003 184.50000000000003 96.253900000000016 188.28500000000003 89.33535000000002 92.305350000000018 206.30000000000004 53.650000000000013 10.500000000000002 55.95000000000001 95.885000000000005 186.50000000000003 10.500000000000002 0.85000000000000009
decision_type=2 2 8 8 2 10 10 10 10 2 10 10 8 2 2 10 2 10 10 2 2 2 2 10 2 2 10
left_child=2 10 3 4 -1 -6 7 24 11 15 19 -9 16 -11 -12 -8 25 20 -19 -2 21 -18 -22 26 -3 -7 -21
right_child=1 6 -4 -5 5 12 9 8 -10 13 14 -13 -14 -15 -16 -17 17 18 -20 23 22 -23 -24 -25 -26 -27 -28
leaf_value=-0.27937580137740908 -0.097265286168386769 0.13019927433323 0.13113289673859096 -0.29264625018722218 0.10595845090730167 -0.12253426561323907 -0.0074555038455316773 -0.18369403534708134 0.15860324668045525 0.42342922864166199 -0.24806135127908754 0.031401033228003798 0.042626866901901893 0.2148824845644601 -0.03008233010211837 0.2116829607910492 -0.019861360174136807 -0.3197329939837471 -0.048299887523756788 0.062596420250743259 0.092297386338288642 -0.2255983428147148 -0.088362124678358037 0.13091996985157642 0.27417044322321732 -0.2626779073967303 -0.049765838847663293
leaf_weight=19 14.999999999999998 18 14.999999999999998 29 15.999999999999998 14.999999999999998 15.000000000000002 17 25 14.999999999999998 15.000000000000002 24 20 20 15.999999999999998 14.999999999999998 18 14.999999999999998 18 29 20 14.999999999999998 21 19 19 20 23
leaf_count=19 15 18 15 29 16 15 15 17 25 15 15 24 20 20 16 15 18 15 18 29 20 15 21 19 19 20 23
internal_value=-0.0103502 0.0716094 -0.107274 -0.12313 -0.0981002 -0.0786691 0.136447 0.0890079 0.0241669 0.21147 -0.0214963 -0.0578633 -0.0969403 0.304779 -0.135834 0.102234 -0.116616 -0.0882906 -0.172021 0.019756 -0.0508401 -0.113623 -0.000193913 0.044551 0.204441 -0.20292 0.0128688
internal_weight=526 285 241 226 197 178 168 103 66 65 117 41 162 35 31 30 142 107 33 86 74 33 41 71 37 35 52
internal_count=526 285 241 226 197 178 168 103 66 65 117 41 162 35 31 30 142 107 33 86 74 33 41 71 37 35 52
is_linear=0
shrinkage=0.03


Tree=115
num_leaves=28
num_cat=0
split_feature=32 22 32 13 85 12 38 37 84 23 32 73 82 33 82 70 38 0 10 47 45 75 12 27 50 56 84
split_gain=9165.59 7575.7 2457.4 2247.25 1323.32 935.046 791.326 699.358 587.663 551.667 878.743 587.758 554.03 440.786 445.365 500.927 430.813 389.352 365.099 548.039 537.229 382.428 292.209 329.84 241.78 240.119 116.605
threshold=422.04000000000002 7.8500000000000005 267.77500000000003 61.95000000000001 0.8156000000000001 69.700000000000003 0.94285000000000008 0.64895000000000003 0.98885000000000012 5.4000000000000012 156.41000000000003 87.110000000000014 -10.151949999999998 0.99285000000000012 -16.829099999999997 94.133200000000002 0.91665000000000008 2.5000000000000004 9.5000000000000018 264.94500000000005 264.94500000000005 87.265000000000015 57.250000000000007 14.500000000000002 344.82335000000006 1.0000000180025095e-35 0.89155000000000018
decision_type=2 2 2 2 10 2 10 8 8 2 2 10 10 10 10 10 10 2 10 10 10 10 2 2 10 2 10
left_child=2 3 7 5 -4 -2 13 -1 9 11 -11 -9 18 14 16 -16 24 -17 21 20 22 -12 23 -20 -6 -14 -23
right_child=1 -3 4 -5 6 -7 -8 8 -10 10 12 -13 25 -15 15 17 -18 -19 19 -21 -22 26 -24 -25 -26 -27 -28
leaf_value=-0.30078934188201045 0.18694201089008361 0.90790770664167553 -0.23072096433552394 0.43016477419068605 0.32788105559126235 -0.10423401238966962 -0.12808003850696373 -0.083434723366689015 0.05948927511672427 -0.30789968680701774 0.1500871926684712 -0.29712369049808107 -0.10607455834209754 -0.024423300234857434 -0.042614825557091993 0.022114087335790112 0.057830312816628267 0.2291355113730536 -0.057339489298815632 -0.2259026901081328 0.096649992085817288 -0.094191854483265391 -0.0091588217115657206 -0.2306672915065057 0.16427078081365903 -0.2691578058546959 0.023877034773462234
leaf_weight=15.999999999999998 18 14.999999999999998 14.999999999999998 18 15.999999999999998 22 17 21 20 14.999999999999998 14.999999999999998 26 18 25 25 14.999999999999998 17 18 22 18 19 15.000000000000002 28 18 17 14.999999999999998 14.999999999999998
leaf_count=16 18 15 15 18 16 22 17 21 20 15 15 26 18 25 25 15 17 18 22 18 19 15 28 18 17 15 15
internal_value=-0.00340753 0.308089 -0.0544246 0.15229 0.037459 0.0268275 0.0643549 -0.10838 -0.0967027 -0.109469 -0.0874826 -0.201868 -0.0693283 0.089002 0.115271 0.0585911 0.180865 0.135256 -0.0447989 -0.0754321 -0.0441712 0.0266498 -0.0835824 -0.135565 0.244018 -0.180544 -0.035166
internal_weight=519 73 446 58 165 40 150 281 265 245 198 47 183 133 108 58 50 33 150 105 87 45 68 40 33 33 30
internal_count=519 73 446 58 165 40 150 281 265 245 198 47 183 133 108 58 50 33 150 105 87 45 68 40 33 33 30
is_linear=0
shrinkage=0.03


Tree=116
num_leaves=30
num_cat=0
split_feature=31 46 31 0 74 78 82 84 29 2 0 35 82 80 35 31 39 93 2 20 36 72 84 13 18 9 47 71 18
split_gain=8204.33 7379.96 1518.83 1150.26 971.972 932.822 881.839 831.358 580.578 611.486 894.07 1033.26 653.903 963.727 630.401 619.232 470.307 453.285 421.111 406.564 385.1 333.532 268.598 252.779 250.823 216.808 202.886 200.808 66.2281
threshold=184.50000000000003 520.95000000000016 140.50000000000003 37.500000000000007 93.908950000000019 85.623450000000005 -11.735749999999998 0.85875000000000012 33.500000000000007 2.5000000000000004 3.5000000000000004 0.81625000000000003 -10.504449999999997 12.230000000000002 0.85965000000000014 170.50000000000003 14151.695000000002 371.72570000000002 1.0000000180025095e-35 29.500000000000004 0.94500000000000017 93.015000000000015 0.93755000000000011 25.150000000000002 12.550000000000002 20.500000000000004 410.62500000000006 95.375000000000014 10.450000000000001
decision_type=2 10 2 2 8 10 10 10 2 2 2 8 8 8 10 2 10 10 2 2 8 10 10 2 2 2 10 10 2
left_child=2 5 3 4 7 -2 -6 23 9 17 14 -12 13 15 -11 -13 -5 18 28 20 -7 25 27 -1 26 -20 -24 -22 -4
right_child=1 -3 8 16 6 19 -8 -9 -10 10 11 12 -14 -15 -16 -17 -18 -19 21 -21 22 -23 24 -25 -26 -27 -28 -29 -30
leaf_value=-0.1339193048544019 0.31515134148583729 0.77014848806990899 -0.06535799101691378 -0.12303860303769473 0.027120226681090872 -0.075295614168441202 -0.25093159659545022 -0.48413529231169505 0.14377243352886845 -0.077923074526207475 -0.19825458250292566 -0.1580372218713412 -0.14384020569168518 0.26743861349943637 -0.3308824703015591 0.10254299976055477 0.11412733344392127 0.15850277835546536 0.016368271251057463 0.21320086114916983 0.058721471767488903 -0.050968484264647888 0.0038926244735996299 -0.29478095236561835 -0.067003319602075992 0.17771244396006941 0.15273783904716065 0.20280177907819133 -0.1536265710278405
leaf_weight=15.999999999999998 17 17 16.000000000000004 15.000000000000002 21 17 20 15.999999999999998 14.999999999999998 15.999999999999998 27 14.999999999999998 15.999999999999998 15.999999999999998 20 18 14.999999999999998 14.999999999999998 15.000000000000002 17 14.999999999999998 25 15.999999999999998 20 14.999999999999998 14.999999999999998 17 21 14.999999999999998
leaf_count=16 17 17 16 15 21 17 20 16 15 16 27 15 16 16 20 18 15 15 15 17 15 25 16 20 15 15 17 21 15
internal_value=-0.00330515 0.181997 -0.08007 -0.16601 -0.218092 0.107665 -0.108619 -0.304191 -0.0367164 -0.0485741 -0.0921082 -0.0424399 0.0223627 0.076755 -0.218762 -0.0159171 -0.00441313 0.00660114 -0.0199526 0.0776389 0.0547125 0.0298666 0.0810707 -0.223613 0.0345111 0.0972517 0.0807309 0.142975 -0.108296
internal_weight=519 152 367 123 93 135 41 52 244 229 128 92 65 49 36 33 30 101 86 118 101 55 84 36 48 30 33 36 31
internal_count=519 152 367 123 93 135 41 52 244 229 128 92 65 49 36 33 30 101 86 118 101 55 84 36 48 30 33 36 31
is_linear=0
shrinkage=0.03


Tree=117
num_leaves=27
num_cat=0
split_feature=32 21 31 13 31 25 32 75 10 92 77 38 11 21 36 18 93 32 39 50 10 41 76 82 2 2
split_gain=8253.17 7693.85 2370.2 1364.99 1001.89 907.145 714.86 914.945 591.276 854.696 529.82 771.772 514.445 552.668 519.761 489.215 477.029 339.302 321.995 319.792 307.34 251.418 238.579 281.169 237.587 198.312
threshold=422.04000000000002 7.9500000000000011 167.50000000000003 63.95000000000001 188.50000000000003 9.1500000000000004 251.47500000000002 86.070000000000007 2.5000000000000004 313.59500000000008 88.093550000000008 0.92000000000000015 71.200000000000017 7.4500000000000011 0.78370000000000017 10.450000000000001 253.82645000000002 334.02000000000004 47124.985000000008 330.50805000000008 16.500000000000004 20869.505000000001 95.985000000000014 -19.491749999999996 3.5000000000000004 2.5000000000000004
decision_type=2 2 2 2 2 2 2 10 8 8 10 10 2 2 10 2 10 2 10 10 10 10 10 10 2 2
left_child=2 3 5 4 -2 8 22 17 -1 12 -9 19 13 20 21 -11 -7 -8 -13 24 -10 25 23 -4 -12 -15
right_child=1 -3 6 -5 -6 16 7 10 9 15 11 18 -14 14 -16 -17 -18 -19 -20 -21 -22 -23 -24 -25 -26 -27
leaf_value=-0.24416458883081646 -0.16929376155435047 0.82985479724704381 -0.19243228987680649 0.35940747978283316 0.1403910180551563 -0.38116748123525446 0.10749396794489169 -0.11959052286180509 -0.24276471374867534 0.14727192609275963 0.10261981286170409 0.028031827412044019 -0.23066843405668921 0.028119842296824602 -0.18619410095024741 -0.049851859384672195 -0.14486628844492458 0.28622910700111742 -0.14420306907394739 0.019367130496165095 -0.087324040177199427 0.10847579284846957 0.027477764827068717 -0.03118687398109278 0.26481938521244691 -0.11447394557965554
leaf_weight=21 14.999999999999998 18 18.999999999999996 14.999999999999998 25 16.000000000000004 24 22 23 20 18 20 27 21 14.999999999999998 26 14.999999999999998 15.999999999999998 19 18 23 17 15.999999999999998 20.000000000000004 14.999999999999998 14.999999999999998
leaf_count=21 15 18 19 15 25 16 24 22 23 20 18 20 27 21 15 26 15 16 19 18 23 17 16 20 15 15
internal_value=-0.00320557 0.29238 -0.0516169 0.115858 0.0241554 -0.11597 0.0226877 0.0562256 -0.0933514 -0.0763464 0.012199 0.0444794 -0.112972 -0.0849949 -0.0305969 0.0358884 -0.267294 0.179294 -0.0559163 0.121261 -0.165256 0.0135458 -0.0699385 -0.109927 0.176681 -0.031329
internal_weight=519 73 446 55 40 239 207 152 208 187 112 90 141 114 68 46 31 40 39 51 46 53 55 39 33 36
internal_count=519 73 446 55 40 239 207 152 208 187 112 90 141 114 68 46 31 40 39 51 46 53 55 39 33 36
is_linear=0
shrinkage=0.03


Tree=118
num_leaves=29
num_cat=0
split_feature=85 31 32 78 48 81 25 10 80 91 69 88 20 22 25 36 10 86 9 45 41 70 78 88 91 10 7 38
split_gain=7833.23 4579.68 1595.01 1375.97 970.981 720.2 647.6 630.199 691.172 623.201 496.896 495.739 536.962 489.484 488.536 470.501 449.45 378.782 365.992 339.28 298.781 465.26 278.958 223.345 212.188 206.481 186.239 178.294
threshold=0.96160000000000012 167.50000000000003 353.58000000000004 85.161950000000019 444.57500000000005 4.6285500000000006 9.1500000000000004 10.500000000000002 -8.7449999999999992 275.75500000000005 97.877850000000009 304.87000000000006 10.500000000000002 8.0500000000000025 8.5500000000000025 0.73635000000000017 24.500000000000004 0.89585000000000015 6.5000000000000009 276.34000000000009 35952.135000000009 99.186050000000009 88.07180000000001 277.25500000000005 197.60500000000005 11.500000000000002 502.00000000000006 0.76305000000000012
decision_type=8 2 2 10 8 10 2 10 10 8 10 8 2 2 2 8 10 10 2 10 10 10 10 10 10 10 2 10
left_child=1 5 15 -4 -5 6 11 8 -6 -8 16 13 -13 14 22 -3 -9 27 19 -17 25 -22 24 -24 -1 -20 -27 -14
right_child=-2 2 3 4 7 -7 9 10 -10 -11 -12 12 17 -15 -16 18 -18 -19 20 -21 21 -23 23 -25 -26 26 -28 -29
leaf_value=-0.19465802501024038 0.67131460313385094 -0.16395450579367601 0.40166349964721176 0.29147918383676802 0.030121659286946881 -0.31199059502543686 -0.09578938898639143 -0.15546522484822398 0.31355606557522891 -0.36093573672749169 0.127620423388283 -0.17597071901112299 0.012866109484849975 0.00018158932110506616 -0.019417783330568508 0.038864113414208354 0.055296974059577293 -0.075813176851914701 -0.064758558992040874 -0.14960939319651026 0.2086332985766213 -0.0081770664147127452 -0.18337512742324044 -0.32696733395918659 -0.046666805470088835 0.12811096572400721 -0.018783192066388704 0.15298531173008631
leaf_weight=17 14.999999999999998 14.999999999999998 15.999999999999998 20 16.000000000000004 15.999999999999998 15.999999999999998 21 14.999999999999998 15.999999999999998 18 14.999999999999998 14.999999999999998 25 21 14.999999999999998 15.999999999999998 20 24 20 20 15.999999999999998 29 14.999999999999998 18 15.000000000000002 15.999999999999998 18
leaf_count=17 15 15 16 20 16 16 16 21 15 16 18 15 15 25 21 15 16 20 24 20 20 16 29 15 18 15 16 18
internal_value=-0.00310908 -0.0232488 0.0633096 0.142711 0.103438 -0.117709 -0.10382 0.0595467 0.1676 -0.228766 -0.00142558 -0.083042 -0.0178089 -0.118495 -0.148165 -0.00540777 -0.0643327 0.0270493 0.0135125 -0.068852 0.045228 0.112354 -0.182336 -0.232677 -0.118766 0.00120175 0.0523382 0.089456
internal_weight=519 504 263 122 106 241 225 86 31 32 55 193 68 125 100 141 37 53 126 35 91 36 79 44 35 55 31 33
internal_count=519 504 263 122 106 241 225 86 31 32 55 193 68 125 100 141 37 53 126 35 91 36 79 44 35 55 31 33
is_linear=0
shrinkage=0.03


Tree=119
num_leaves=28
num_cat=0
split_feature=32 31 32 26 0 31 69 72 23 32 75 83 7 88 75 33 45 88 78 32 85 76 81 2 38 32 84
split_gain=7649.77 3769.57 1508.37 785.969 868.013 784.01 729.157 676.448 841.209 638.03 834.503 618.021 570.685 685.575 515.212 635.214 497.17 356.119 443.24 297.937 279.2 226.573 224.45 215.61 150.856 130.096 87.6919
threshold=512.6350000000001 167.50000000000003 424.19500000000005 11.500000000000002 34.500000000000007 134.50000000000003 84.687900000000013 98.620000000000019 6.2500000000000009 251.47500000000002 86.070000000000007 0.96255000000000013 644.00000000000011 278.85500000000008 96.02500000000002 0.92075000000000007 316.86000000000007 302.84500000000008 88.291450000000012 334.02000000000004 0.9245000000000001 95.985000000000014 -38.925699999999992 3.5000000000000004 0.89770000000000005 238.00500000000002 0.95205000000000017
decision_type=2 2 2 2 2 2 10 10 2 2 10 10 2 10 10 10 10 8 10 2 10 10 8 2 10 2 10
left_child=1 3 9 -1 5 12 -7 -4 -9 21 19 14 13 -5 16 -16 -12 18 25 -11 -19 23 -6 -3 -20 -8 -13
right_child=-2 2 7 4 22 6 17 8 -10 10 11 26 -14 -15 15 -17 -18 20 24 -21 -22 -23 -24 -25 -26 -27 -28
leaf_value=-0.26488364184943813 0.62191121464950239 -0.04442262904325716 0.34412346653112269 -0.17110236929261011 0.14118574059088762 0.12148202162050328 -0.11544286322461478 0.26752469330190487 -0.044753688855028624 0.10178269347861378 -0.005910179363317853 0.15831853979215846 -0.053179221319597819 -0.43021254242110091 0.18219053190445231 -0.054444789731885025 -0.23209696854911019 -0.092492871189734413 -0.28592444109776849 0.26928515517265994 0.062500877275494887 0.027213472762954567 -0.022656303291700996 -0.18680927037143988 -0.15407908151316088 -0.005162066086582171 0.062531738604340595
leaf_weight=26 17 22 19 24 14.999999999999998 14.999999999999998 27 16.000000000000004 14.999999999999998 24 17 19 14.999999999999998 14.999999999999998 15.999999999999998 28 18 27 17 15.999999999999998 17 15.999999999999998 15.000000000000002 17 14.999999999999998 14.999999999999998 15.999999999999998
leaf_count=26 17 22 19 24 15 15 27 16 15 24 17 19 15 15 16 28 18 27 17 16 17 16 15 17 15 15 16
internal_value=-0.00301575 -0.0242414 0.0553785 -0.109104 -0.0903755 -0.114407 -0.0751996 0.203312 0.116545 0.0199403 0.0512682 0.00986379 -0.210787 -0.271222 -0.0366178 0.0316795 -0.122443 -0.100255 -0.14043 0.169074 -0.0325719 -0.0677174 0.0593134 -0.106687 -0.224506 -0.0761455 0.114725
internal_weight=519 502 259 243 217 187 133 50 31 209 154 114 54 39 79 44 35 118 74 40 44 55 30 39 32 42 35
internal_count=519 502 259 243 217 187 133 50 31 209 154 114 54 39 79 44 35 118 74 40 44 55 30 39 32 42 35
is_linear=0
shrinkage=0.03


end of trees

feature_importances:
avg_booked_rate=693
total_rooms_on_books=414
ooo_rooms=78
adr_lag_7d=67
pickup_7d=54
occ_lag_7d=53
comp_adr_lag_7d=53
adr_lag_14d=51
adr_gap_vs_comp_roll_28d=50
occ_lag_28d=48
rgi_lag_7d=46
week_of_year=44
adr_gap_vs_comp_lag_28d=44
pickup_14d=42
occ_roll_28d=42
medallia_hotel_cleanliness=41
mpi_roll_7d=41
occ_roll_7d=37
rev_lag_14d=37
days_from_last_holiday=36
rgi_roll_28d=36
comp_occ_lag_28d=36
rev_lag_364d=33
rev_lag_7d=32
comp_revpar_lag_28d=32
windspeed_max_mph=31
ari_lag_28d=31
mpi_lag_28d=30
comp_revpar_lag_7d=30
ari_roll_28d=29
rgi_roll_7d=29
medallia_value_for_price=27
pickup_30d=27
pickup_21d=25
occ_lag_364d=25
ari_lag_7d=25
ari_roll_7d=25
available_rooms=24
temp_max_f=24
occ_lag_14d=24
rev_lag_28d=24
mpi_roll_28d=24
adr_lag_28d=23
adr_lag_364d=23
days_to_next_holiday=22
medallia_sample_size=22
day_of_week=21
adr_roll_28d=21
adr_gap_vs_comp_lag_7d=21
comp_occ_roll_7d=21
comp_adr_lag_28d=21
mpi_lag_7d=19
retail_rate=18
rgi_lag_28d=18
temp_min_f=17
pickup_60d=17
rev_roll_28d=17
comp_revpar_roll_7d=17
temp_mean_f=16
comp_occ_roll_28d=16
comp_adr_roll_28d=16
medallia_overall_satisfaction=13
medallia_likelihood_to_return=13
adr_roll_7d=13
comp_adr_roll_7d=13
medallia_likelihood_to_recommend=12
rev_roll_7d=12
adr_gap_vs_comp_roll_7d=12
comp_occ_lag_7d=12
month=10
precipitation_in=9
comp_revpar_roll_28d=6
is_yankees_game=4
is_mets_game=3
is_knicks_game=3
quarter=2
had_precipitation=2
is_weekend=1
weathercode=1
is_msg_event=1
is_rangers_game=1
is_nhl_game=1

parameters:
[boosting: gbdt]
[objective: regression]
[metric: rmse]
[tree_learner: serial]
[device_type: cpu]
[data_sample_strategy: bagging]
[data: ]
[valid: ]
[num_iterations: 2000]
[learning_rate: 0.03]
[num_leaves: 31]
[num_threads: 4]
[seed: 42]
[deterministic: 0]
[force_col_wise: 0]
[force_row_wise: 0]
[histogram_pool_size: -1]
[max_depth: -1]
[min_data_in_leaf: 15]
[min_sum_hessian_in_leaf: 0.001]
[bagging_fraction: 0.8]
[pos_bagging_fraction: 1]
[neg_bagging_fraction: 1]
[bagging_freq: 5]
[bagging_seed: 400]
[bagging_by_query: 0]
[feature_fraction: 0.8]
[feature_fraction_bynode: 1]
[feature_fraction_seed: 30056]
[extra_trees: 0]
[extra_seed: 12879]
[early_stopping_round: 0]
[early_stopping_min_delta: 0]
[first_metric_only: 0]
[max_delta_step: 0]
[lambda_l1: 0.05]
[lambda_l2: 0.05]
[linear_lambda: 0]
[min_gain_to_split: 0]
[drop_rate: 0.1]
[max_drop: 50]
[skip_drop: 0.5]
[xgboost_dart_mode: 0]
[uniform_drop: 0]
[drop_seed: 17869]
[top_rate: 0.2]
[other_rate: 0.1]
[min_data_per_group: 100]
[max_cat_threshold: 32]
[cat_l2: 10]
[cat_smooth: 10]
[max_cat_to_onehot: 4]
[top_k: 20]
[monotone_constraints: ]
[monotone_constraints_method: basic]
[monotone_penalty: 0]
[feature_contri: ]
[forcedsplits_filename: ]
[refit_decay_rate: 0.9]
[cegb_tradeoff: 1]
[cegb_penalty_split: 0]
[cegb_penalty_feature_lazy: ]
[cegb_penalty_feature_coupled: ]
[path_smooth: 0]
[interaction_constraints: ]
[verbosity: -1]
[saved_feature_importance_type: 0]
[use_quantized_grad: 0]
[num_grad_quant_bins: 4]
[quant_train_renew_leaf: 0]
[stochastic_rounding: 1]
[linear_tree: 0]
[max_bin: 255]
[max_bin_by_feature: ]
[min_data_in_bin: 3]
[bin_construct_sample_cnt: 200000]
[data_random_seed: 175]
[is_enable_sparse: 1]
[enable_bundle: 1]
[use_missing: 1]
[zero_as_missing: 0]
[feature_pre_filter: 1]
[pre_partition: 0]
[two_round: 0]
[header: 0]
[label_column: ]
[weight_column: ]
[group_column: ]
[ignore_column: ]
[categorical_feature: ]
[forcedbins_filename: ]
[precise_float_parser: 0]
[parser_config_file: ]
[objective_seed: 16083]
[num_class: 1]
[is_unbalance: 0]
[scale_pos_weight: 1]
[sigmoid: 1]
[boost_from_average: 1]
[reg_sqrt: 0]
[alpha: 0.9]
[fair_c: 1]
[poisson_max_delta_step: 0.7]
[tweedie_variance_power: 1.5]
[lambdarank_truncation_level: 30]
[lambdarank_norm: 1]
[label_gain: ]
[lambdarank_position_bias_regularization: 0]
[eval_at: ]
[multi_error_top_k: 1]
[auc_mu_weights: ]
[num_machines: 1]
[local_listen_port: 12400]
[time_out: 120]
[machine_list_filename: ]
[machines: ]
[gpu_platform_id: -1]
[gpu_device_id: -1]
[gpu_use_dp: 0]
[num_gpu: 1]

end of parameters

pandas_categorical:[]
